FE1,FE2,FE3,FE4,FE5,FE6,FE7,FE8,FE9,FE10,FE11,FE12,FE13,FE14,FE15,FE16,FE17,FE18,FE19,FE20,FE21,FE22,FE23,FE24,FE25,FE26,FE27,FE28,FE29,FE30,FE31,FE32,Age,Race,Gender,Education,Industry,Occupation,Hours,Years,WorkSituation,OOP1,OOP2,OOP3,OOP4,OOP5,FO1,FO2,FO3,FO4,FO5,FO6,FO7,FO8,FO9,FO10,FO11,FO12,FO13,FO14,FO15,FO16,FO17,FO18,FO19,FO20,RF1,RF2,RF3,RF4,RF5,RF6,RF7,RF8,RF9,RF10,RF11,RF12,SAT1,SAT2,SAT3,SAT4,SAT5,SAT6,SAT7,GO1,GO2,GO3,GO4,GO5,GO6,GO7,GO8,GO9,GO10,GO11,GO12,GO13,class,ID
7,7,1,6,6,5,5,7,6,2,6,7,2,1,7,7,3,6,5,5,3,2,5,5,2,1,7,4,1,3,5,5,20,1,2,3,2,office manager of a high end,40,19,6,7,7,5,6,6,4,5,5,5,5,5,4,3,5,5,5,4,3,3,4,2,2,3,3,4,4,5,5,5,5,4,4,4,2,3,4,3,1,1,1,2,1,1,1,3,5,2,2,2,1,1,5,3,5,5,5,5,3,408
6,2,7,3,1,2,1,1,1,7,1,1,7,7,2,1,7,3,2,7,7,7,7,6,2,2,7,1,2,2,1,5,18,2,3,4,8,Stocker,40,15,1,7,7,7,7,7,4,4,4,4,4,5,5,2,5,5,5,5,5,5,5,4,2,4,2,3,4,4,4,4,4,4,4,3,2,3,4,4,2,2,2,2,2,2,2,7,7,7,5,6,2,2,2,5,3,1,1,2,1,209
6,6,2,6,6,6,6,6,6,6,7,7,1,1,6,6,2,6,6,7,7,7,7,7,1,2,6,2,1,2,6,6,21,1,1,5,8,IT Department Manager,45,20,6,6,6,5,6,6,4,4,4,4,4,4,4,4,4,4,4,4,4,4,4,5,5,4,5,5,4,4,4,4,4,4,4,4,3,3,3,3,3,3,3,3,3,3,3,5,5,5,6,5,2,2,5,5,2,2,2,2,3,140
6,6,2,6,6,5,5,5,3,4,6,6,2,2,4,6,2,6,6,4,4,4,4,6,2,2,3,1,1,2,6,4,21,1,2,5,10,Data Analyst,32,15,1,4,4,3,3,3,4,4,4,4,4,5,5,4,4,3,4,4,4,4,4,4,4,4,4,5,3,5,4,4,5,4,3,4,2,2,2,2,2,2,2,2,1,2,1,7,6,7,5,6,3,4,4,4,2,2,2,2,3,386
5,2,6,5,2,2,2,2,2,6,4,5,4,4,4,2,7,2,2,2,2,2,2,2,6,7,1,4,4,4,2,2,26,1,1,6,3,educator,40,22,6,2,2,3,2,2,2,2,2,2,2,2,2,1,2,2,4,2,2,2,2,2,2,4,4,4,4,4,3,4,4,4,4,3,3,3,3,3,3,5,5,5,6,5,5,5,5,5,6,5,2,3,3,2,5,5,4,5,1,24
7,7,7,7,7,5,5,7,5,1,6,4,1,1,6,6,4,5,6,6,5,5,4,6,1,1,5,3,1,1,7,6,35,1,1,2,9,Restaurant General Manager,48,34,1,5,6,1,5,2,4,4,4,4,4,5,4,2,5,4,3,3,3,3,2,4,4,4,4,4,4,5,5,5,5,4,3,5,3,4,3,4,4,3,1,3,3,3,3,7,7,7,6,7,2,3,2,2,1,1,1,1,3,177
7,7,1,7,7,6,6,7,6,2,7,7,1,1,7,6,1,7,7,6,7,7,5,7,1,1,6,1,1,1,7,7,18,1,1,4,9,"Information Technology, Hardw",45,21,6,5,6,3,3,5,5,5,5,5,5,5,5,5,5,5,5,5,5,5,2,5,3,5,5,5,5,5,5,5,5,5,4,5,3,4,4,3,1,1,1,1,1,1,1,7,6,7,6,7,2,3,5,3,2,1,2,3,3,358
3,3,6,3,4,4,3,3,2,7,3,4,5,4,4,4,4,4,4,6,6,6,6,4,5,5,2,3,2,2,4,2,33,1,1,3,8,SALES MANAGER,28,33,6,6,6,5,6,6,4,4,4,4,3,5,5,3,4,4,5,4,4,4,3,3,3,4,3,4,4,5,4,5,5,4,4,4,3,4,3,3,4,3,3,3,2,3,2,6,7,6,5,5,3,4,5,5,4,4,4,5,1,89
6,6,2,6,6,4,4,3,4,5,6,6,3,2,2,6,2,6,5,2,2,2,3,5,2,1,7,6,2,6,5,4,24,4,1,5,3,instructional technologist,40,22,1,3,4,3,3,2,4,4,4,3,3,4,4,3,4,4,3,5,4,4,5,3,3,5,4,4,4,4,4,4,5,4,3,4,2,3,2,3,2,3,3,4,3,2,2,4,5,4,3,3,2,3,2,3,5,5,6,5,2,490
7,6,1,7,7,7,7,7,6,1,7,6,1,1,7,7,1,7,6,4,2,6,6,6,1,1,5,2,1,1,7,6,43,1,2,3,10,corporate travel agent,43,,5,5,5,2,5,2,4,2,2,3,4,4,4,4,4,4,2,2,2,2,2,4,3,4,4,4,4,5,5,5,5,4,4,5,5,4,5,4,3,3,2,2,2,2,2,2,1,1,1,2,4,3,3,2,2,7,5,6,3,34
7,7,1,7,7,7,7,7,7,1,7,7,1,1,7,7,1,7,7,7,7,7,7,7,1,1,5,3,1,1,7,7,45,1,2,4,10,manager,40,18,6,5,6,1,7,3,4,4,4,5,5,5,5,4,5,4,4,4,5,5,4,4,2,4,4,4,5,5,5,5,5,5,4,5,4,3,4,3,1,2,1,1,1,1,1,6,7,6,7,7,1,3,5,3,1,1,1,1,3,123
6,6,2,6,6,6,6,6,6,1,6,6,1,1,6,6,2,6,6,6,6,6,6,5,3,2,6,2,2,2,6,6,42,1,2,4,8,retail,60,20,1,4,4,2,2,2,4,4,4,4,4,4,4,3,4,4,4,4,4,4,4,4,3,4,4,4,5,5,5,5,5,4,4,5,4,4,3,4,3,3,3,3,3,3,3,4,6,6,3,2,3,4,3,4,3,3,3,3,3,228
6,7,1,7,7,6,7,7,6,1,7,7,1,1,7,7,1,6,7,5,5,5,4,5,1,1,7,1,2,1,6,5,25,1,1,5,2,video editor manager,40,23,6,2,3,2,1,2,4,3,4,3,4,3,5,2,3,3,4,3,4,3,4,4,3,3,4,4,2,4,3,3,3,4,3,3,3,4,2,3,4,5,5,6,4,5,5,4,5,4,4,5,2,3,3,5,5,4,5,5,3,1
6,2,6,2,2,3,3,3,3,3,3,3,6,6,2,4,5,5,4,5,5,5,5,3,5,5,3,3,4,3,3,2,52,1,1,5,3,Director,40,50,6,6,6,6,6,7,2,2,2,2,2,4,3,2,4,2,4,2,2,2,2,3,3,3,3,3,2,4,3,4,4,4,3,3,3,4,3,2,3,5,5,5,4,3,2,5,5,5,5,5,4,3,4,5,4,4,4,5,1,57
6,5,2,6,6,4,4,3,2,7,5,4,6,4,3,4,5,2,2,4,4,4,7,5,3,2,7,2,1,2,5,2,25,1,2,2,9,Restaurant FOH Supervisor,40,25,1,5,6,2,6,6,2,2,2,2,2,4,4,2,4,4,5,5,4,4,3,5,4,5,5,5,3,4,5,5,5,4,3,5,3,2,2,1,3,1,1,1,2,1,1,5,4,5,6,5,2,1,4,3,2,1,2,2,2,349
7,7,1,7,7,7,7,7,7,1,7,7,1,1,7,7,1,7,7,5,5,6,5,7,1,1,7,2,1,1,7,7,21,1,2,5,3,Consultant,40,,1,5,6,2,6,2,5,5,5,5,5,5,5,4,5,5,4,5,4,4,4,4,3,5,5,5,4,5,5,5,5,4,4,4,4,4,4,3,3,3,3,4,3,3,3,7,7,7,7,7,3,5,4,4,2,2,2,3,3,16
7,7,1,7,7,7,7,7,7,1,7,7,1,1,7,7,1,7,7,7,7,7,7,7,1,1,7,1,1,1,7,7,26,1,2,2,8,sales manager,40,20,6,5,6,4,4,4,5,5,5,5,5,5,5,5,5,5,5,5,5,5,5,5,4,5,4,5,5,5,5,5,5,5,5,5,3,4,3,3,2,2,2,2,1,1,1,5,5,4,5,4,2,3,2,2,4,4,4,4,3,472
7,7,7,7,7,7,7,7,7,7,7,7,7,1,7,7,1,7,7,7,7,6,6,7,1,1,7,1,1,1,7,7,44,1,4,7,3,teacher,42,39,1,1,4,1,1,1,5,5,5,5,5,5,5,3,4,5,3,4,4,4,4,3,4,4,4,5,5,5,5,5,5,5,4,4,3,3,2,1,1,1,1,1,1,1,1,7,7,7,7,7,1,1,1,1,1,1,1,1,3,154
6,6,2,6,6,6,6,6,6,2,6,6,2,2,6,6,2,6,6,6,6,6,6,6,2,2,6,2,2,2,6,6,47,1,2,4,4,Radiographer,40,35,1,5,5,5,4,4,4,4,4,4,4,4,4,4,4,4,4,4,4,4,4,4,3,4,4,4,4,5,5,5,4,5,3,4,5,3,5,3,2,2,2,2,4,2,2,5,5,5,5,5,3,3,5,3,3,3,3,3,3,252
5,6,1,6,6,5,6,6,5,3,6,6,2,1,6,6,2,6,6,4,5,5,3,6,2,1,3,2,1,2,6,4,25,1,1,5,4,Medical Software Analyst,42,24,6,3,5,2,4,3,4,3,4,4,3,4,4,3,4,4,4,4,3,4,3,4,3,4,4,4,4,5,4,5,5,4,4,4,3,4,4,4,3,3,4,6,3,3,3,5,4,6,5,6,3,6,4,6,6,4,6,6,3,310
7,6,1,6,7,7,7,7,6,6,6,6,7,6,7,5,4,6,7,4,6,5,4,6,1,1,7,1,1,1,7,5,20,4,1,6,7,Manufacturing Engineer,43,14,6,5,7,4,3,1,4,4,5,4,4,5,4,3,4,5,4,4,4,5,5,4,4,5,5,5,4,5,4,4,4,5,4,4,5,4,4,4,6,5,5,6,7,5,6,6,5,7,5,7,5,6,6,7,5,5,6,7,3,580
6,5,3,5,4,3,3,4,3,5,4,6,3,2,4,3,4,4,3,2,2,2,2,3,4,2,5,5,4,4,4,3,25,1,1,6,10,grant manager,40,21,6,3,4,4,2,2,3,3,3,4,3,4,4,2,3,3,4,4,4,4,3,4,4,4,4,4,4,4,4,4,4,4,3,4,3,3,4,3,3,2,3,3,3,3,3,4,5,4,5,4,4,4,5,4,3,3,3,3,2,431
7,7,1,7,7,7,7,7,7,1,7,7,1,1,7,7,1,7,7,7,7,7,7,7,1,1,6,1,1,1,7,7,17,5,1,2,7,Line Leader,40,18,1,7,7,4,6,6,5,5,5,5,5,5,5,5,5,5,5,5,5,5,5,5,5,5,5,5,5,5,5,5,5,5,5,5,4,4,4,4,1,1,1,1,1,1,1,7,7,7,7,7,7,7,7,7,1,1,1,1,3,129
6,7,2,7,7,6,6,6,6,3,7,6,2,2,6,6,2,6,6,7,6,7,5,4,3,2,7,3,4,2,5,4,36,1,2,5,8,Team Manager,45,32,1,5,5,3,5,2,4,4,5,4,4,5,5,4,5,4,4,5,5,5,4,4,3,5,4,5,3,4,4,5,5,4,4,4,4,3,3,4,5,6,5,5,6,6,4,7,6,7,6,6,4,4,4,3,1,1,1,1,3,273
5,6,1,5,6,6,6,7,6,2,5,5,6,2,7,5,4,5,4,5,6,6,6,5,3,3,5,4,2,3,6,4,20,5,1,2,10,dishwasher,32,7,1,5,6,4,4,5,4,4,5,5,4,4,4,3,4,5,4,4,4,5,5,4,4,5,4,4,5,5,5,5,5,3,4,5,5,5,5,4,5,4,5,6,6,5,5,7,6,6,5,7,6,6,5,5,4,4,3,4,2,562
6,6,2,6,6,6,6,6,6,2,6,6,6,2,2,6,2,6,6,4,6,6,5,6,2,5,2,7,2,2,5,6,29,1,1,5,4,qa,40,25,5,4,5,1,3,2,2,2,2,2,2,2,2,2,2,2,2,2,2,2,2,1,3,4,1,4,4,5,5,5,5,5,3,5,5,2,3,4,3,3,3,3,3,3,3,1,1,1,1,1,1,1,4,1,1,1,1,1,2,250
6,6,2,6,6,5,6,6,5,2,6,5,2,2,5,5,3,6,5,6,7,6,5,6,3,2,6,2,2,3,6,5,16,1,1,4,8,Software Sales,40,16,6,6,6,5,6,6,4,4,5,4,4,5,4,2,4,4,4,5,5,5,4,4,3,4,2,4,5,5,4,4,5,5,4,4,4,5,5,4,3,2,2,3,2,2,3,6,5,5,6,6,5,5,6,5,5,6,6,6,3,294
3,2,7,3,2,2,2,2,1,7,2,2,7,7,2,2,6,2,2,7,7,7,7,2,1,1,7,1,4,4,2,2,8,1,1,5,8,Warehouse Assistant,28,2,1,3,5,6,7,7,4,2,2,3,2,4,4,2,2,2,4,4,4,4,2,3,4,4,4,4,3,4,4,4,4,4,3,2,2,3,3,2,3,1,1,1,1,1,1,5,5,5,1,4,1,1,1,1,1,1,1,1,1,94
7,7,1,7,7,7,7,7,7,1,7,7,1,1,7,7,1,7,7,7,7,1,7,7,1,1,7,1,1,1,1,7,14,2,1,5,10,programmer,40,9,1,6,6,1,1,1,5,5,5,5,5,5,5,1,1,4,4,4,4,4,4,5,4,5,5,5,4,5,5,5,5,5,5,5,2,5,5,5,1,4,3,5,1,1,1,7,7,7,7,7,1,4,1,4,1,1,4,1,3,13
7,6,1,6,6,6,6,6,6,1,6,6,1,1,6,6,4,5,4,6,6,6,6,5,2,2,6,5,2,2,6,2,37,1,2,5,4,Compliance associate,45,35,6,5,5,5,5,2,2,2,3,4,3,4,4,4,4,4,4,4,3,3,3,4,3,3,3,4,5,5,5,5,5,5,5,5,5,4,2,4,4,3,3,3,3,3,3,5,3,3,3,5,3,4,5,3,5,5,5,5,3,202
7,7,1,7,6,6,6,6,6,1,6,7,1,1,6,6,1,6,6,5,2,3,3,6,1,1,7,1,1,1,7,5,19,1,1,6,3,Case Manager,40,13,1,5,5,2,1,1,4,5,5,5,4,5,4,2,4,4,4,2,4,2,2,2,2,4,2,4,4,5,5,5,5,5,5,4,3,4,3,3,3,3,3,3,1,1,1,6,5,2,6,6,1,1,2,3,5,6,5,7,3,50
5,3,6,2,2,3,2,2,2,6,2,1,7,7,2,2,6,2,2,7,4,7,7,2,5,2,7,3,4,4,2,1,18,1,2,5,4,patient care coordinator,40,17,1,7,7,7,7,7,4,4,5,5,5,5,4,4,5,5,5,5,5,5,5,5,3,4,3,3,5,5,5,5,5,5,4,4,5,3,5,5,2,3,3,3,2,2,3,2,4,2,2,2,3,3,3,3,5,5,5,5,1,320
7,7,1,7,7,7,7,7,7,1,7,7,1,1,7,7,1,7,7,6,6,6,6,7,1,1,7,1,1,1,7,7,21,1,2,5,4,Insurance claims specialist,40,10,1,5,6,2,6,5,5,5,5,5,5,5,5,4,5,5,5,5,5,5,5,5,4,5,5,5,5,5,5,5,5,5,5,5,4,4,4,4,3,3,2,2,1,1,1,6,6,7,5,6,3,4,3,3,6,6,6,6,3,305
6,7,1,6,7,6,6,6,6,1,6,6,1,1,6,7,1,6,7,5,5,5,4,6,1,1,6,2,1,2,7,6,29,1,1,4,9,Office Services Site Manager,40,22,1,5,6,3,5,3,4,4,5,4,4,5,5,3,4,5,4,4,3,5,4,5,3,5,4,5,4,4,5,4,4,4,3,4,3,4,3,3,3,1,2,2,1,2,1,5,5,5,5,4,2,2,4,4,4,1,2,1,3,343
6,6,2,6,5,5,5,6,5,5,6,6,2,2,6,6,5,5,3,3,3,2,2,3,5,2,6,6,2,2,3,2,30,1,1,6,3,Academic Director,38,21,1,3,5,5,2,3,4,4,4,5,4,4,4,4,5,5,4,4,3,4,4,4,3,4,4,4,4,4,5,5,5,5,4,4,3,4,4,3,4,5,3,4,5,4,5,6,7,6,6,7,2,4,3,2,2,2,2,2,2,372
6,7,1,6,6,7,7,6,6,2,6,6,1,2,6,6,3,6,6,4,5,6,6,5,2,1,3,2,2,1,6,6,7,1,1,5,10,Software Engineer,40,7,6,5,7,6,5,6,5,4,4,5,5,4,4,4,5,4,5,5,4,4,4,5,4,4,5,4,5,5,5,5,5,5,4,5,4,5,4,4,7,5,5,5,5,7,5,7,7,7,5,7,3,5,5,7,1,3,1,1,3,54
6,6,2,7,6,6,6,6,7,2,6,6,2,2,6,5,3,6,5,6,6,6,5,6,2,1,6,2,2,3,6,6,30,1,2,2,10,Customer Service Rep,40,27,5,5,6,4,3,3,4,3,4,4,4,5,4,4,4,5,4,4,4,3,3,4,3,5,4,4,4,4,5,4,4,4,4,5,3,3,3,3,3,3,5,4,3,3,3,5,6,5,5,5,6,6,5,5,3,2,3,3,3,357
6,6,2,6,6,6,6,6,6,2,6,6,2,2,6,6,2,6,6,6,6,6,5,5,3,2,6,3,2,2,6,4,31,1,1,3,7,senior manager,40,14,1,6,6,5,5,5,4,4,4,4,4,4,4,4,4,4,4,4,4,4,4,4,3,4,4,4,4,5,5,4,5,5,4,4,3,3,3,3,2,2,4,5,2,2,2,5,5,5,5,5,2,4,4,4,2,2,2,2,3,49
7,7,2,6,7,7,6,7,7,1,6,6,1,2,6,6,5,6,6,7,6,7,6,6,2,2,7,1,2,2,7,2,28,1,1,5,7,Warehouse Manager,45,27,6,7,6,6,7,6,4,4,5,5,4,2,5,2,2,5,5,4,4,5,4,2,4,4,5,5,5,5,4,4,5,5,4,3,2,4,5,3,2,2,3,1,1,1,2,7,7,6,2,7,3,2,2,3,1,2,2,1,3,574
6,6,2,5,5,5,6,5,5,5,5,5,1,5,5,5,5,4,5,5,5,5,5,6,2,2,5,4,4,4,5,4,13,1,1,6,4,Physical Therapist,40,8,1,5,4,4,4,5,4,4,4,4,4,4,4,3,3,4,3,4,4,5,4,4,4,4,4,4,4,4,4,4,4,4,4,4,4,4,4,4,4,5,4,4,4,4,4,4,5,4,4,4,4,4,4,4,5,4,4,4,2,10
7,7,1,6,6,7,7,7,6,1,6,6,1,1,6,6,2,6,6,5,5,5,6,7,1,1,7,1,1,1,7,6,46,1,2,3,4,Administrative Assistant,40,26,1,6,6,4,6,4,4,3,4,5,4,5,5,4,5,5,4,5,4,4,4,4,3,5,4,4,5,5,5,5,5,5,5,5,5,3,3,4,1,1,1,1,1,1,1,7,7,6,3,6,3,6,4,6,4,2,4,6,3,46
6,5,4,5,6,4,4,3,4,6,5,6,2,2,5,6,3,6,6,6,3,5,5,6,2,2,7,2,3,2,6,6,17,1,1,6,3,Pharmacist,40,7,1,3,3,4,5,5,4,3,4,3,3,4,4,3,5,4,5,4,4,5,4,3,4,4,4,4,4,4,4,3,4,3,3,3,3,4,3,3,3,6,3,3,3,3,3,5,5,5,4,5,3,3,3,4,5,6,5,5,2,411
7,6,2,6,7,6,6,6,7,1,6,6,1,1,7,6,3,6,6,6,6,5,5,5,2,3,5,3,2,3,6,6,45,1,2,2,8,cashier,35,36,1,5,6,4,5,6,4,4,4,4,5,4,4,4,5,4,5,5,4,4,5,5,5,5,4,4,4,5,5,5,5,4,4,4,4,3,3,3,3,3,3,2,2,2,2,4,5,5,5,4,5,5,4,4,3,4,3,3,3,286
6,6,2,6,6,6,6,6,6,2,6,6,2,2,6,6,2,6,5,6,6,6,6,6,2,2,3,2,2,2,6,6,24,1,3,6,3,adjunct instructor (undergrad,40,25,5,3,3,2,3,3,4,4,4,4,4,5,5,4,5,5,5,5,5,5,4,4,2,4,4,4,4,5,5,5,5,4,4,5,3,3,2,3,1,1,1,2,1,1,1,5,6,5,6,6,3,6,3,3,3,3,3,3,3,62
6,7,2,6,5,7,6,7,7,6,6,5,7,2,5,6,2,5,6,4,5,6,5,5,1,2,6,4,2,2,5,6,28,,1,5,8,Sales Director,40,23,1,6,5,5,6,5,4,4,4,5,4,4,5,3,4,3,5,4,4,5,4,3,4,4,4,5,4,5,5,5,5,5,4,3,4,4,5,4,5,3,3,2,3,3,2,5,6,5,5,6,5,5,6,6,3,2,5,3,3,410
6,5,4,4,5,4,4,4,5,3,4,4,5,4,4,5,4,4,4,3,3,5,4,4,4,4,5,4,5,4,4,4,47,1,2,5,10,GED Test Chief Examiner,40,47,1,4,4,3,4,3,4,3,4,3,3,4,4,2,4,3,4,3,3,3,2,3,4,4,4,3,4,4,4,4,4,3,3,4,2,3,3,2,4,5,5,5,4,4,3,4,3,4,3,3,2,3,2,2,2,3,2,2,2,162
7,7,1,7,7,7,7,7,7,1,6,6,1,1,6,6,1,7,6,5,5,5,6,7,1,1,7,1,1,1,7,6,20,1,2,2,10,sales manager,45,15,1,5,5,3,3,2,5,4,4,5,5,5,4,4,5,5,5,4,4,4,4,5,5,4,4,5,3,5,5,5,4,4,5,4,4,3,4,5,3,1,2,1,2,1,2,5,6,6,6,5,3,3,3,3,2,1,2,3,3,321
6,5,2,6,5,5,5,5,5,3,5,5,2,2,5,4,4,4,3,4,4,4,4,5,2,3,5,3,3,3,5,3,27,1,2,5,4,Medical technologist,40,28,1,3,4,2,3,3,4,3,4,3,4,4,4,3,3,4,4,4,3,3,3,3,3,4,4,4,4,5,4,4,4,5,4,4,3,3,4,3,4,2,2,2,3,2,2,5,5,6,4,4,2,4,4,4,4,3,3,5,2,11
6,5,5,5,7,6,6,5,5,4,6,6,5,5,5,6,5,5,7,6,5,6,6,5,6,6,5,6,5,5,6,5,18,5,1,5,3,Admin,40,10,5,6,4,4,5,5,4,3,4,4,5,4,4,2,3,2,4,2,4,4,4,4,3,3,4,4,5,5,4,4,5,4,4,4,5,4,4,4,5,4,5,5,5,6,4,6,5,5,7,5,5,5,4,5,5,2,6,5,2,351
5,6,2,6,6,6,6,6,6,2,6,5,2,2,6,6,3,6,5,6,5,6,6,5,3,2,6,2,2,3,6,3,38,1,1,5,1,Forestry,40,38,1,5,6,5,5,5,4,4,4,4,4,4,4,2,4,4,4,4,4,4,3,4,4,4,4,4,4,5,4,4,4,4,3,3,2,4,4,3,3,3,3,3,2,2,2,5,5,5,5,5,3,4,5,4,3,3,4,3,3,217
6,6,2,6,6,6,6,6,6,2,6,6,6,2,6,6,1,6,6,7,5,5,6,6,2,2,7,2,2,2,6,6,19,6,1,6,4,QA Manager,45,10,6,6,6,5,5,5,4,4,4,4,4,4,4,4,5,3,4,4,3,4,4,4,4,4,4,5,4,4,4,4,4,4,4,4,3,4,4,3,2,2,3,2,2,2,2,5,5,5,4,5,4,5,5,5,4,2,2,4,3,98
6,6,2,6,6,6,6,6,6,2,6,6,1,1,6,6,3,5,5,4,4,4,4,6,2,1,6,2,1,4,6,5,40,1,2,6,3,Teacher,45,36,1,5,5,2,5,2,4,4,4,4,4,5,5,3,4,5,3,3,3,3,3,3,2,4,4,5,5,5,5,5,5,5,5,5,4,4,3,4,1,1,3,1,1,1,1,4,5,4,4,6,2,3,4,4,2,3,2,4,3,565
7,7,1,7,7,7,7,7,7,1,7,7,1,1,7,7,1,7,7,7,7,7,7,7,1,1,7,1,1,1,7,7,47,1,2,2,10,office worker,40,38,1,7,7,1,7,4,5,5,5,5,5,5,5,5,5,5,5,5,5,5,5,5,5,5,5,5,5,5,5,5,5,5,5,5,3,3,5,4,4,4,1,1,1,1,1,7,7,7,4,7,4,7,4,7,1,1,1,1,3,120
6,4,4,4,4,4,4,4,4,3,4,3,4,5,3,4,5,4,4,5,5,5,6,4,3,1,7,1,5,5,4,4,34,1,1,5,8,small business buyer,70,26,5,6,6,4,7,7,3,3,3,3,3,4,3,3,3,3,4,3,3,3,3,3,3,3,3,3,4,5,5,5,5,5,5,5,5,5,4,5,5,4,4,5,4,4,4,4,4,4,4,5,4,4,4,4,5,4,4,5,2,466
6,5,2,6,6,5,5,6,6,5,7,6,2,2,5,5,2,6,6,4,4,4,4,6,2,2,6,2,2,2,6,6,13,1,1,5,10,Financial Analyst,40,6,6,5,6,5,6,6,4,4,4,5,4,5,4,3,4,4,3,4,4,5,4,4,3,4,4,4,4,5,4,4,4,4,4,5,3,4,3,3,6,6,6,7,4,6,6,7,6,6,7,6,6,6,7,7,3,3,3,3,3,340
7,7,1,6,6,7,6,7,6,6,7,7,7,1,6,7,1,7,7,5,3,5,4,5,2,2,2,2,1,5,6,7,16,1,2,5,3,teacher,36,11,1,6,7,2,6,5,5,4,4,4,5,5,4,2,4,3,4,2,2,2,2,4,4,5,5,5,5,5,5,5,5,4,4,4,3,3,4,2,3,2,1,2,1,1,1,5,5,4,4,5,5,5,6,6,3,6,6,6,3,520
7,7,1,7,7,7,7,7,7,1,7,7,1,1,7,7,1,7,7,7,7,7,7,7,2,1,7,3,1,2,7,7,28,,2,5,10,Social Assistant Supervisor,40,26,1,6,6,2,5,6,5,5,5,5,5,5,5,5,5,5,5,5,5,5,5,5,5,5,5,5,5,5,5,5,5,5,5,5,5,5,5,5,1,1,1,3,1,1,1,7,6,6,6,6,6,6,6,5,1,7,7,2,3,362
6,6,2,5,6,5,5,6,5,2,6,5,2,2,6,5,2,5,5,6,6,6,6,5,2,2,5,2,2,3,6,5,19,1,1,5,10,database Administrator,40,11,6,6,7,5,6,5,5,4,5,4,4,5,4,5,4,5,4,4,5,5,4,4,5,5,4,5,4,5,5,5,5,4,4,5,4,4,4,4,3,2,3,4,2,3,1,7,5,6,5,3,2,5,4,3,1,3,3,2,3,107
2,2,5,2,1,1,2,2,2,6,2,1,6,6,1,1,7,1,1,4,3,4,2,2,1,2,6,6,5,6,2,1,24,1,1,5,4,charge nurse,40,20,1,7,7,6,7,7,5,5,5,5,5,4,4,5,4,5,5,5,4,4,4,4,1,3,3,3,4,4,4,4,4,4,4,4,4,4,4,4,6,6,7,6,6,7,6,7,7,7,7,7,7,7,7,7,7,1,4,6,1,493
7,7,7,7,7,6,6,7,7,7,6,7,1,1,1,5,3,6,6,7,6,6,5,7,1,2,6,5,1,1,6,6,32,1,1,2,7,operations manager,62,30,6,7,6,6,7,7,5,5,4,4,4,5,4,3,4,5,5,5,4,5,5,4,5,5,5,5,5,5,5,5,5,5,4,5,4,4,4,4,1,1,1,1,1,1,1,7,7,7,5,7,6,5,7,6,1,1,1,1,3,71
6,5,6,3,2,2,2,2,2,6,2,2,2,6,2,2,7,2,2,7,6,7,7,2,7,4,6,2,6,6,2,2,51,1,2,3,3,Paraprofessional,35,50,1,4,4,4,4,4,4,3,3,3,3,3,3,4,4,4,3,4,4,4,3,3,2,4,3,3,4,4,4,4,4,4,4,4,3,3,3,3,3,3,3,3,3,3,3,6,5,5,4,4,3,5,4,4,3,3,3,3,1,182
6,6,3,6,6,5,5,6,6,2,6,4,2,1,5,5,3,5,4,6,5,6,6,4,3,3,6,2,1,4,6,5,42,1,1,5,10,Senior Consultant,45,35,5,5,6,4,3,2,5,5,5,5,5,5,5,1,5,5,5,5,5,5,5,3,1,5,4,5,4,5,5,5,5,5,4,4,3,3,5,3,3,1,1,1,1,1,1,6,7,6,6,6,5,6,6,6,4,5,5,5,2,558
2,1,7,1,1,1,1,1,1,7,2,2,7,7,1,1,7,1,1,7,7,7,7,2,5,7,1,6,4,7,1,1,28,,2,5,4,Nurse,40,23,6,6,7,7,6,6,1,1,1,1,1,3,2,1,1,1,3,1,1,1,1,3,1,2,1,3,3,4,4,4,4,5,4,3,5,4,3,4,5,5,6,6,5,6,6,4,3,2,2,6,1,2,4,2,3,5,5,4,1,470
6,6,2,5,6,5,5,6,5,2,6,5,2,2,6,5,2,5,5,6,6,6,6,5,2,2,5,6,6,3,6,5,21,1,1,5,10,System Administrator,40,11,6,6,7,5,6,5,4,5,4,4,5,5,5,4,4,5,5,4,5,4,5,4,5,5,5,4,4,5,5,5,5,4,4,5,4,4,4,4,3,2,3,4,2,3,1,7,5,6,5,3,2,5,4,3,3,3,2,2,2,257
6,5,5,6,6,5,5,5,5,3,6,6,1,1,5,7,2,5,5,6,6,6,5,5,3,2,6,4,2,3,6,6,22,2,1,6,9,Consultant,50,,5,6,7,4,5,3,4,5,5,4,4,5,5,5,5,5,4,5,5,4,5,3,3,4,4,4,4,5,4,5,5,5,3,4,3,3,2,2,2,2,2,2,1,1,1,6,6,6,7,7,6,6,6,6,6,6,6,2,3,260
7,7,1,7,7,7,7,7,6,1,7,7,1,1,7,7,1,7,7,7,7,7,7,7,1,1,6,1,1,1,7,6,21,1,1,6,10,banking,55,16,6,6,6,5,6,2,4,4,4,4,4,4,4,3,4,4,4,4,4,4,4,4,3,4,4,4,5,5,5,5,5,5,5,5,3,4,3,3,3,5,5,5,2,2,2,7,7,7,7,7,7,7,6,6,4,3,5,5,3,222
7,7,1,7,7,7,7,7,7,1,7,7,1,1,7,7,1,7,7,7,7,7,7,7,1,1,7,1,1,1,7,7,27,1,2,1,8,cashier,40,23,1,5,5,3,5,3,5,4,4,5,4,5,5,4,5,5,5,5,5,5,5,5,5,5,5,5,5,5,5,5,5,5,5,5,5,5,4,5,1,1,1,1,1,1,1,7,7,7,7,7,1,7,7,7,1,1,1,1,3,394
5,4,5,5,4,4,4,3,4,5,3,3,5,4,4,4,5,4,3,6,5,4,6,5,3,2,5,5,4,4,2,2,49,4,1,4,10,IT Specialist,40,48,6,5,5,5,6,5,4,4,4,3,3,4,4,4,4,4,3,3,3,3,3,4,3,4,4,4,4,4,4,4,4,4,3,4,3,3,4,4,6,6,6,6,2,2,2,5,6,6,4,6,6,4,6,6,6,3,6,6,1,301
6,7,5,6,7,6,5,6,6,7,7,6,7,6,7,5,6,6,7,5,4,4,6,7,2,2,6,4,7,6,7,6,36,1,1,6,7,Chemist,40,35,1,6,5,6,7,6,4,4,4,3,4,5,4,3,4,3,4,5,3,4,3,4,5,5,4,3,4,5,4,4,5,4,3,4,4,5,4,3,4,5,6,6,3,3,3,5,5,5,7,4,3,4,5,6,6,3,4,2,2,191
6,6,1,6,6,6,6,6,6,1,6,6,2,2,6,6,5,6,5,6,6,5,5,5,2,2,5,2,1,2,6,6,11,5,1,5,9,Compliance Analyst,40,6,5,6,6,4,5,2,4,4,4,4,4,4,4,2,4,4,4,4,4,4,4,4,4,4,4,4,5,5,4,4,4,4,4,4,3,3,3,4,5,6,4,2,3,3,3,6,6,6,6,6,5,5,6,5,3,3,3,3,3,316
7,7,2,6,6,6,6,6,6,6,7,6,2,2,2,7,5,6,6,6,6,6,6,6,2,1,7,2,2,1,6,6,19,1,1,5,7,Manager,,12,6,7,6,6,6,6,4,5,5,4,5,4,5,4,5,4,4,4,5,5,5,4,4,5,5,5,4,5,5,5,4,4,3,4,2,4,4,4,2,2,2,2,2,2,2,7,7,6,6,6,6,6,6,6,6,5,6,6,3,133
7,7,7,7,7,7,7,7,7,7,7,7,7,7,7,7,1,7,7,4,1,1,1,6,1,1,7,2,4,4,7,7,20,1,2,4,9,salon manager,40,21,1,4,5,1,4,1,4,4,4,4,4,4,4,4,4,5,4,4,4,4,4,4,4,4,5,4,4,4,4,4,4,4,4,5,2,4,4,4,2,2,2,2,2,2,2,6,6,6,6,6,6,6,6,6,4,6,6,4,3,267
7,6,1,6,6,6,6,6,6,2,6,5,1,2,5,6,3,6,6,6,5,5,6,6,2,2,7,2,2,2,6,6,32,1,2,2,8,Team Lead Retail,40,25,1,7,7,5,7,5,5,5,5,5,5,5,5,5,5,5,4,4,4,4,4,4,5,5,5,5,5,5,5,5,5,5,5,5,4,5,4,5,3,3,3,3,3,2,1,7,7,7,7,7,6,6,7,6,1,1,1,1,3,569
6,5,3,6,5,6,6,5,6,2,5,5,2,2,6,5,4,5,4,6,5,6,6,5,2,2,7,3,2,2,6,5,26,1,1,4,9,Firefighter,72,27,1,5,6,3,3,2,4,3,3,4,3,4,4,2,4,3,4,4,4,4,3,2,3,4,2,3,4,4,4,4,4,4,4,4,3,3,4,3,2,2,2,6,6,2,2,6,6,5,6,6,6,6,2,4,6,2,6,6,3,390
7,7,1,7,7,5,2,2,1,7,7,7,1,1,4,5,4,4,2,1,1,2,2,7,1,1,7,1,1,1,7,1,22,1,1,5,9,Rural Mail Carrier,46,14,1,2,3,1,1,4,4,4,4,1,4,5,5,1,3,1,5,5,5,5,5,5,3,5,5,5,4,5,5,5,5,5,5,5,3,3,5,4,1,1,1,1,1,1,1,7,4,7,3,6,7,7,7,7,1,1,1,1,2,341
6,6,2,6,6,6,6,6,6,6,6,6,6,2,6,6,2,6,6,6,6,6,6,6,2,2,6,6,6,6,6,6,42,1,1,5,3,Analyst,45,44,6,5,7,6,6,6,4,5,4,5,5,4,5,5,5,5,4,5,5,4,4,4,5,5,4,4,4,5,4,4,4,5,4,4,4,4,4,4,4,7,4,4,4,4,4,6,7,7,7,7,6,7,7,7,7,6,6,4,2,142
7,6,1,6,6,5,5,5,5,1,7,6,1,1,7,7,1,7,7,3,1,1,3,6,1,1,5,2,1,1,7,6,20,1,2,5,10,social worker,55,23,6,5,7,3,2,3,4,2,2,4,2,4,4,5,5,4,5,5,5,5,5,2,1,4,1,2,2,4,4,5,4,5,5,5,5,4,4,5,2,2,2,2,2,2,2,7,7,7,6,7,7,7,4,6,6,3,5,7,3,205
7,7,1,7,7,7,7,7,7,1,7,7,1,1,7,7,1,7,7,6,4,4,4,7,1,1,7,1,1,1,7,7,24,1,2,5,9,Server,35,26,1,6,6,1,5,3,5,5,5,5,5,5,5,5,5,5,4,5,5,5,5,5,5,5,5,5,4,5,5,5,5,5,4,5,5,4,4,5,2,2,2,2,2,2,2,7,7,7,7,5,6,2,5,2,3,1,1,1,3,29
7,7,6,7,6,7,7,6,7,6,5,4,1,1,1,7,1,7,5,7,7,6,7,7,1,2,6,1,1,1,7,7,13,4,1,5,4,scientist,40,6,6,5,5,5,5,5,5,5,4,4,5,5,4,3,4,4,4,4,5,5,5,5,4,5,4,5,5,5,4,4,4,5,4,3,3,4,4,3,6,3,4,4,3,3,2,7,7,7,7,7,7,6,7,6,2,3,3,3,3,561
6,6,2,6,6,6,6,6,6,2,6,6,6,2,6,6,2,6,6,5,5,6,5,6,2,2,6,2,2,2,6,6,54,1,1,5,10,Insurance Professional,40,47,6,6,6,4,6,6,4,4,4,4,4,4,4,3,4,4,3,3,3,4,3,4,3,4,4,4,5,5,5,5,5,5,5,5,5,5,5,4,4,3,4,3,3,2,2,5,6,4,6,5,4,4,4,6,4,4,4,4,3,108
7,6,4,6,6,6,6,6,6,2,6,5,4,3,6,6,4,5,4,4,4,5,5,6,2,2,6,2,2,2,6,4,14,2,1,3,9,Yard Driver,40,3,1,4,5,4,2,3,5,3,4,5,4,4,5,3,3,2,3,4,4,4,3,3,3,5,3,5,4,4,5,5,5,5,3,3,3,3,2,2,4,1,4,3,3,3,3,5,3,4,4,3,4,4,3,3,3,3,3,3,3,511
7,6,6,7,6,6,6,6,7,6,1,5,2,2,6,6,1,6,7,6,6,5,6,5,2,2,5,4,1,1,6,6,24,2,1,3,8,Sales representative,40,20,1,6,5,4,5,5,4,4,3,3,3,4,3,2,3,2,4,4,4,4,3,3,4,2,3,3,3,5,5,5,5,5,5,5,5,5,5,5,6,1,7,7,7,7,7,7,7,7,7,6,7,6,7,7,6,2,3,2,3,95
6,6,2,6,7,7,4,5,4,3,6,5,1,1,6,6,4,6,6,7,7,7,7,5,6,5,2,7,2,4,6,5,18,1,1,6,10,Researcher,40,4,1,5,5,7,4,3,4,4,5,5,4,4,4,3,4,5,5,4,4,5,5,5,5,4,4,5,5,5,4,4,5,5,4,5,4,4,4,5,1,1,1,2,2,1,2,4,5,5,6,6,6,7,6,6,5,4,6,2,2,377
6,6,5,2,5,6,5,6,5,4,5,6,6,2,5,6,6,5,5,4,6,6,6,3,6,5,6,5,5,6,5,6,20,1,1,3,7,Warehouse supervisor,40,19,1,5,5,6,6,5,5,4,5,5,4,4,4,4,5,5,5,5,4,4,4,4,5,5,5,4,4,4,4,4,5,4,4,3,4,4,3,5,6,5,2,3,3,5,3,6,6,5,6,6,5,3,5,7,4,2,5,4,2,233
6,7,7,7,7,7,6,7,7,1,7,7,7,7,7,7,1,7,7,7,7,7,7,7,1,1,7,1,1,1,7,6,27,1,1,3,7,Reshipping supervisor,40,27,1,5,6,5,6,5,4,5,5,5,4,5,5,4,5,4,5,5,5,5,4,5,5,5,5,5,4,5,5,5,5,4,4,5,3,4,3,4,1,2,1,1,1,1,1,6,7,7,7,6,5,6,6,6,1,1,1,1,3,92
7,7,1,7,7,7,7,7,5,1,7,7,1,1,6,7,3,7,7,5,6,6,5,6,1,2,6,1,1,1,7,7,46,1,2,3,9,Maintenance engineer,40,38,1,3,6,2,1,4,4,4,4,3,2,4,5,5,5,4,4,4,4,4,1,4,3,5,5,5,5,5,4,4,5,4,3,4,3,2,2,3,2,1,6,5,1,1,1,7,5,7,5,4,1,1,1,1,1,1,1,1,3,166
6,7,2,7,7,7,6,7,7,1,7,6,2,1,7,6,1,5,6,6,5,5,6,5,2,5,5,3,1,1,7,5,8,,1,3,8,Personal Digital Shopper,35,6,1,6,7,5,5,5,5,5,4,5,4,5,5,4,5,5,5,5,4,4,5,4,5,5,5,4,2,4,5,4,5,5,4,4,3,5,4,5,6,7,3,6,7,3,3,7,6,7,6,6,6,7,7,7,2,3,6,2,3,361
6,5,5,5,5,4,4,4,4,5,5,3,4,5,4,5,6,5,3,7,6,3,6,4,5,4,5,4,4,5,4,4,23,4,2,6,2,Software Engineer,40,15,6,4,5,6,6,4,4,4,4,4,4,4,4,5,5,5,4,4,4,4,4,4,4,4,4,4,5,5,5,5,5,4,4,5,3,4,4,3,3,4,3,4,3,3,2,5,5,5,5,5,5,5,5,5,3,2,2,3,2,248
6,7,2,7,6,7,7,6,6,1,6,7,1,2,6,6,2,7,6,5,5,6,7,6,1,2,5,2,1,4,6,6,25,1,1,5,10,Production Manager,41,9,6,5,5,3,4,2,5,4,5,4,4,5,4,4,5,4,5,4,5,4,4,5,3,4,5,4,5,4,4,5,4,5,3,4,3,4,5,4,2,3,1,2,1,1,2,7,5,6,5,7,2,1,2,2,3,2,1,2,3,64
7,7,1,7,7,7,7,7,7,1,7,7,7,1,7,7,1,7,7,6,5,6,6,7,1,5,1,5,1,1,5,6,22,1,1,5,8,Senior analyst,40,13,6,7,7,1,7,4,5,5,5,5,5,5,5,3,5,5,5,5,5,5,5,5,5,5,5,5,5,5,5,5,5,5,5,5,3,5,5,3,3,3,3,2,4,2,1,7,7,7,7,7,1,1,1,1,6,1,1,1,3,383
7,7,1,7,7,6,6,7,6,3,7,7,1,1,7,6,2,6,6,7,7,7,6,7,1,1,7,2,1,2,6,2,24,1,1,5,7,Shipping and Receiving Manage,40,23,6,6,7,2,6,3,5,5,5,5,5,5,5,4,5,5,5,5,5,5,5,4,3,5,4,5,4,5,5,5,5,5,4,4,4,3,2,4,2,2,2,2,3,2,2,7,7,7,5,6,1,1,2,2,1,1,1,1,3,226
6,6,2,5,5,5,5,4,4,4,5,5,2,2,6,5,3,5,5,4,5,5,5,6,3,3,6,3,2,2,6,4,41,1,1,4,7,"CMM programmer, Quality",50,40,6,5,6,4,5,4,4,4,4,3,4,4,4,2,3,5,2,4,3,3,3,3,4,4,4,4,4,5,4,4,4,5,3,5,3,3,4,3,1,1,2,2,2,2,2,5,5,6,4,5,3,3,3,3,3,1,3,4,2,2
6,4,5,3,3,4,4,3,3,5,3,2,2,6,3,4,6,4,3,5,5,5,6,3,6,3,7,3,4,4,4,4,22,1,2,3,10,Guest Services Manager,40,20,1,6,6,4,6,6,4,4,4,4,4,4,4,3,4,4,5,4,4,4,4,4,3,4,4,4,4,4,4,4,4,3,3,3,3,4,4,3,3,3,2,3,4,3,3,4,5,4,4,3,2,3,5,5,3,4,3,4,1,566
6,4,5,3,2,2,2,3,3,6,4,5,5,4,3,4,5,3,3,4,3,3,5,4,1,1,7,5,4,3,2,3,16,1,2,5,8,Manager,40,15,1,2,3,2,3,3,4,3,4,4,3,5,4,3,4,4,4,4,5,4,3,2,2,3,2,3,3,4,3,3,4,4,2,4,1,2,2,2,3,3,3,3,3,3,3,3,3,3,2,2,2,2,4,3,6,6,6,6,1,345
6,6,2,6,5,5,5,5,5,3,6,6,2,2,5,6,1,6,6,5,5,5,4,6,3,2,4,2,2,3,6,6,22,1,2,6,3,professor,50,20,6,3,4,2,2,3,4,4,5,4,4,5,4,2,4,4,4,5,3,4,3,2,3,4,4,4,2,4,3,4,4,5,5,4,5,4,3,4,2,3,3,2,2,1,2,5,6,6,6,5,3,2,3,2,2,2,2,5,3,401
6,7,1,7,7,5,5,7,5,3,7,7,1,1,7,7,1,7,7,4,4,4,4,6,1,1,2,1,1,1,7,7,14,1,1,5,9,Data Analyst,42,8,5,3,5,1,1,2,5,5,5,3,5,5,5,5,5,5,5,5,5,5,5,2,2,3,3,4,4,5,5,5,5,5,5,5,3,2,2,3,1,1,1,1,1,1,1,7,7,7,6,6,5,6,4,4,5,3,7,7,3,237
3,2,5,2,2,1,2,2,2,7,2,3,6,6,2,1,7,1,1,5,3,3,5,1,7,7,1,7,5,7,1,1,35,1,2,6,7,Sales Manager,50,31,6,3,3,2,2,2,4,4,4,4,4,5,5,5,5,4,5,5,5,5,5,4,2,4,2,4,4,5,4,4,4,4,4,4,3,3,3,3,3,2,2,2,2,2,2,7,7,7,7,7,7,7,7,7,5,3,6,6,1,532
6,6,3,6,6,5,5,6,5,2,5,5,2,3,5,5,3,5,4,5,5,5,4,5,3,2,6,2,3,4,4,5,30,,1,3,9,Supervisor,40,22,1,5,6,3,5,3,4,4,4,5,4,5,4,3,4,3,5,5,4,4,4,3,2,4,3,4,4,4,4,4,4,4,3,4,3,3,3,3,3,4,2,4,4,3,3,5,4,5,5,5,4,4,6,4,4,3,4,4,2,544
7,6,2,6,6,6,6,6,6,2,7,7,1,2,6,5,3,5,4,5,3,3,3,4,2,1,6,3,2,2,6,2,40,1,2,4,4,pharmacy technician,40,29,1,4,6,5,3,4,4,4,4,4,4,5,5,4,4,4,4,4,4,4,4,2,2,4,2,4,4,5,3,4,4,5,3,3,2,2,3,2,3,1,2,1,1,1,1,3,3,3,3,3,2,1,2,2,4,5,5,5,3,187
6,6,2,6,6,6,6,6,6,2,6,6,2,2,6,6,2,6,6,6,6,6,6,6,2,2,6,2,2,2,6,6,32,1,2,6,10,Case Manager Human Services,40,24,1,5,6,3,6,2,4,4,4,4,4,4,5,3,4,4,4,4,4,4,4,4,2,4,2,3,5,5,5,5,5,5,4,5,3,4,3,3,3,3,3,3,2,3,3,5,5,5,3,5,2,3,2,2,6,3,3,3,3,72
6,6,6,6,6,6,7,7,7,1,7,7,2,2,6,5,3,5,6,4,5,5,5,6,2,2,7,2,2,5,5,2,27,1,2,4,4,health,40,24,5,3,5,2,5,1,2,2,2,2,2,4,4,4,4,4,4,4,4,4,4,4,4,4,4,4,3,5,4,5,5,5,5,4,5,4,3,5,3,3,3,3,3,3,3,5,5,6,6,6,6,6,6,6,5,3,5,5,3,304
7,6,1,6,6,6,7,7,7,1,6,5,4,2,6,5,2,5,5,7,6,6,6,5,3,2,6,6,1,2,6,6,12,1,1,2,9,Technician,45,14,6,6,6,5,5,6,5,4,4,5,4,5,5,4,5,3,4,4,4,4,2,4,3,4,4,4,5,4,5,5,5,5,4,4,3,4,4,4,2,2,2,3,1,2,2,6,7,6,6,6,3,5,6,6,3,2,3,3,3,400
5,5,4,5,5,5,5,5,5,4,5,5,5,3,3,5,3,5,5,3,3,4,4,5,3,4,5,3,3,3,4,4,20,,1,4,8,sales,40,9,6,5,5,4,5,4,4,4,4,3,4,4,4,3,3,4,3,3,4,4,3,4,4,3,4,3,4,4,3,4,4,4,3,3,4,3,4,3,5,5,4,4,3,3,4,5,5,5,4,4,3,3,5,5,4,3,3,4,2,213
7,7,1,7,7,7,7,7,7,1,7,7,1,1,7,7,1,7,7,7,7,7,7,7,1,1,7,1,1,1,7,7,27,1,1,3,10,Purchasing Manager,40,25,1,7,7,7,7,5,5,5,5,5,5,5,5,5,5,5,5,5,5,5,5,5,5,5,5,5,5,5,5,5,5,5,5,5,3,4,5,5,6,2,6,1,1,2,2,7,7,6,6,6,1,1,7,4,6,4,4,7,3,23
7,5,2,5,5,5,5,5,5,3,5,5,3,3,5,5,3,5,5,5,5,6,6,5,3,3,5,1,3,3,5,5,23,1,2,5,10,Insurance Coordinator,38,15,6,7,7,5,6,5,4,4,4,4,3,5,5,4,5,4,5,4,4,4,4,4,3,4,4,5,4,4,4,4,4,4,4,4,3,3,3,3,3,2,2,2,2,2,2,6,6,6,6,6,2,4,4,4,2,2,2,2,2,363
6,5,4,6,5,5,5,4,5,4,6,5,3,3,6,6,2,6,6,6,6,6,6,5,4,4,3,3,2,2,4,4,34,1,1,5,10,Producer / Actor,40,25,6,5,5,4,3,3,4,4,4,4,4,4,4,4,4,3,3,3,3,4,3,4,4,4,4,4,3,4,4,4,4,4,4,3,4,4,3,2,5,5,5,5,5,5,5,4,4,4,5,5,5,3,5,4,4,4,4,5,2,167
7,7,1,7,7,6,6,7,5,5,7,7,1,1,7,6,3,7,7,4,4,4,4,7,2,3,5,1,1,1,6,5,23,1,2,5,10,Editor,50,22,5,7,7,3,6,6,3,3,3,4,3,4,3,5,5,4,5,5,3,4,3,1,1,1,1,1,4,5,3,5,4,4,5,5,5,3,2,5,3,6,5,5,3,4,4,5,7,6,4,4,6,4,6,4,6,4,5,7,3,516
6,6,2,6,6,7,6,7,6,2,6,6,6,2,6,6,3,5,3,5,4,5,5,6,2,2,3,6,2,2,5,2,21,1,2,6,3,teacher,45,16,1,4,5,3,3,3,4,2,2,2,2,4,4,2,4,4,4,4,4,4,4,4,4,4,4,4,4,4,4,4,4,4,4,2,4,4,4,4,2,2,2,6,2,2,2,5,5,5,5,5,2,3,6,4,4,4,2,2,2,168
3,4,5,3,3,3,3,3,3,5,3,3,6,5,3,3,6,3,3,6,6,6,6,4,4,3,6,4,4,4,6,2,28,1,2,3,9,Insurance Agent,40,26,1,7,7,6,7,5,4,4,4,4,4,5,5,3,4,4,4,4,4,4,4,2,3,3,2,3,4,5,4,4,4,5,4,4,4,4,4,4,1,1,1,1,1,1,1,5,5,4,5,4,5,3,5,4,7,6,6,6,1,307
4,4,4,4,4,4,4,4,4,4,4,4,4,4,4,4,4,4,4,4,4,4,4,4,4,1,4,4,4,4,4,4,23,1,1,5,7,PSE,50,18,1,4,4,4,4,6,3,3,3,3,3,3,3,3,3,4,3,3,3,3,3,3,3,3,3,4,3,3,3,4,4,3,3,3,3,3,3,3,4,4,4,4,4,4,4,4,4,4,4,4,4,4,4,4,4,4,4,4,2,501
7,7,1,7,7,7,7,7,7,1,7,7,1,1,7,7,1,7,7,7,7,7,7,7,1,1,7,1,1,1,7,7,42,1,2,2,8,assistant manager,40,40,1,7,7,7,7,7,5,5,5,5,1,5,5,5,5,5,5,5,5,5,5,5,5,5,5,5,5,5,5,5,5,5,5,5,5,5,5,5,1,1,1,1,1,1,1,7,7,7,1,7,7,7,7,7,7,7,7,7,3,480
6,6,2,6,6,6,6,6,6,2,6,6,6,2,6,6,2,6,6,4,4,4,4,6,2,2,6,3,2,2,6,6,18,2,1,5,9,security,40,14,1,5,5,3,4,4,4,4,4,4,4,4,4,2,4,4,4,4,4,4,4,4,4,4,4,5,4,4,4,4,4,4,4,4,4,4,4,4,3,3,3,4,3,3,3,5,5,5,5,5,4,5,5,5,3,3,3,3,3,535
4,5,3,5,4,4,5,5,5,2,6,5,5,2,5,5,3,4,6,5,5,5,4,4,2,2,6,4,3,3,4,4,22,1,1,3,5,engineer,40,22,6,5,5,5,4,2,4,4,5,5,5,5,5,2,3,4,4,4,5,4,3,5,4,4,5,4,4,3,4,4,4,5,4,5,4,4,4,4,5,6,5,5,5,4,4,4,6,6,7,4,5,5,6,5,6,7,6,5,2,17
6,6,4,5,5,5,6,4,5,5,5,5,4,5,5,5,4,6,5,5,5,4,2,5,1,2,6,1,2,4,4,4,19,1,2,4,5,architecture,34,7,6,6,5,2,4,3,4,3,3,4,4,3,3,4,3,3,3,4,4,3,2,4,2,3,3,3,4,4,4,4,3,4,4,4,4,3,4,4,4,5,5,5,5,5,5,3,4,5,5,4,4,5,4,3,2,5,3,6,2,527
6,6,1,6,5,5,5,5,5,2,6,6,1,1,6,6,1,6,5,6,6,6,6,5,2,1,6,3,1,2,6,6,14,1,1,5,10,Finance Manager,40,10,6,5,6,2,3,3,5,5,5,5,5,5,5,5,5,5,5,5,5,5,5,5,5,5,5,5,5,5,5,5,5,5,5,5,4,4,5,4,2,2,1,1,1,1,1,7,6,7,7,7,6,7,7,7,1,1,1,1,3,211
7,5,2,3,5,6,4,4,5,2,5,2,5,2,3,6,2,6,3,6,3,6,5,7,1,2,6,2,1,1,6,4,15,1,2,4,10,Freelance Contract Worker,20,14,5,3,6,7,3,5,4,4,4,4,4,4,5,1,3,3,2,4,4,4,4,4,4,4,4,4,4,5,4,4,4,5,2,2,1,4,2,1,1,1,2,2,1,1,1,3,5,4,5,3,3,3,6,4,3,1,4,5,2,404
5,5,2,6,5,5,5,6,4,4,6,6,1,3,6,6,3,5,4,6,6,6,6,5,3,4,3,3,2,2,6,5,22,1,1,5,10,Benefits Manager,40,17,5,4,4,4,4,4,4,4,4,4,4,4,4,4,4,3,3,4,4,4,4,4,4,4,4,4,4,4,4,4,4,4,4,4,3,3,3,4,5,4,4,5,5,5,5,5,5,6,5,4,5,5,5,5,5,3,3,4,2,3
5,5,3,5,4,3,3,4,3,5,4,3,2,4,5,4,6,4,4,5,4,4,5,5,3,5,2,6,4,4,5,3,45,1,2,5,4,neurodiagnostic technologist,33,,1,5,5,5,4,4,4,4,4,4,4,5,5,2,5,2,4,4,4,4,4,4,3,4,4,4,5,5,5,5,5,5,3,5,3,3,3,4,1,1,3,3,2,2,1,6,6,6,6,6,3,3,4,4,3,4,4,5,2,36
6,7,2,6,7,6,7,6,7,7,6,7,5,6,5,7,5,7,7,1,3,6,4,6,2,3,6,7,2,4,7,3,9,1,1,5,7,Service,35,2,1,6,7,6,7,4,5,4,5,4,5,4,5,3,5,3,5,4,3,5,4,5,5,4,5,4,4,5,5,5,4,5,4,3,4,5,4,5,7,6,7,6,3,3,3,7,6,7,7,6,4,6,7,7,3,5,4,4,2,14
6,6,2,6,4,5,6,6,5,6,5,6,6,2,6,6,6,5,6,5,2,5,5,5,5,6,5,6,6,5,5,5,19,1,1,5,8,Retail management,7,5,1,6,6,4,4,5,4,4,4,4,4,4,4,4,4,4,4,4,4,4,4,5,4,4,4,4,4,4,4,4,4,4,5,4,4,4,4,4,3,4,3,3,3,3,3,5,5,5,5,5,5,5,5,5,4,4,4,4,2,536
7,7,1,7,7,7,7,7,7,1,7,7,1,1,6,7,2,7,5,6,6,6,6,7,2,2,7,2,1,2,7,6,18,1,1,5,7,Fulfillment associate,40,15,1,6,7,6,6,6,5,5,5,4,4,5,5,4,4,4,4,5,4,4,4,5,4,5,4,4,5,5,5,5,5,5,5,5,5,5,4,5,2,3,3,2,2,2,2,7,7,7,6,7,5,5,5,7,4,4,5,5,3,299
6,6,2,6,6,6,6,6,6,1,6,6,2,2,6,6,2,6,6,5,5,5,6,4,4,2,6,5,2,2,6,4,44,1,2,5,10,accountant,40,31,6,6,6,4,5,3,4,4,4,4,4,5,5,3,5,5,4,4,2,3,3,3,3,4,3,3,5,5,5,5,5,5,4,4,3,4,3,4,1,1,1,1,1,1,1,6,6,6,6,4,4,4,4,4,2,1,2,2,3,161
6,7,2,6,6,7,7,7,6,2,5,6,6,1,5,6,3,6,5,6,5,5,6,7,2,2,6,2,2,1,6,5,25,1,2,3,7,manufacturing,40,18,1,4,5,2,5,4,4,4,4,5,4,4,5,2,4,5,4,4,5,5,5,4,3,4,4,4,4,5,5,4,4,4,4,3,3,4,4,3,3,3,2,3,3,2,2,5,5,6,6,5,5,5,6,6,3,3,3,3,3,22
7,7,1,7,7,7,7,7,7,1,7,7,1,1,7,7,1,7,7,4,4,4,6,7,1,1,5,1,1,1,7,7,21,1,4,7,10,Research Scientist,40,15,6,7,7,1,2,1,5,5,5,5,5,5,5,3,5,5,5,5,5,5,5,5,3,5,5,5,5,5,5,5,5,5,5,4,3,3,4,3,1,1,1,2,2,1,1,5,5,5,5,5,2,4,6,6,4,2,2,2,3,165
6,6,1,6,6,6,6,6,6,1,6,6,1,1,6,6,1,6,6,6,6,6,6,6,1,1,6,1,1,1,6,6,40,,1,5,4,Registered Nurse,48,38,1,5,5,5,5,5,5,5,5,5,5,5,5,5,5,5,5,5,5,5,5,5,5,5,5,5,5,5,5,5,5,5,5,5,5,5,5,5,1,1,1,1,1,1,1,7,7,7,7,7,7,7,7,7,2,2,2,2,3,557
6,5,2,6,6,6,6,6,5,2,6,5,2,2,6,5,2,6,6,5,4,5,5,6,2,2,6,2,2,2,5,5,16,,1,5,10,Software Developer,40,12,1,4,5,4,5,2,4,4,4,3,4,4,4,3,4,4,3,3,3,3,3,4,4,4,4,4,3,4,4,3,4,4,3,4,3,3,5,3,3,3,3,3,3,3,3,7,7,7,6,6,3,4,4,4,3,3,3,3,3,492
6,6,2,6,6,6,6,6,6,2,5,6,1,1,5,5,2,6,5,5,6,5,4,5,2,6,1,3,1,4,5,4,48,1,1,5,7,software,40,42,5,6,6,2,5,4,4,4,4,4,4,4,4,4,4,4,4,4,4,4,4,4,4,4,4,4,3,4,4,4,4,4,4,4,4,2,1,1,1,1,1,1,1,1,1,7,7,7,7,7,7,7,7,7,7,7,7,7,2,230
7,7,1,7,7,6,6,6,6,1,7,7,1,1,4,5,3,5,5,5,6,5,5,6,2,3,6,3,1,3,7,7,37,1,1,5,8,sales associate,40,24,1,5,5,4,4,4,4,3,3,3,3,5,5,3,5,4,3,3,3,3,3,3,4,5,4,4,4,5,3,4,4,4,4,3,4,3,2,4,5,4,4,4,4,4,3,5,5,5,6,6,5,4,4,5,4,3,3,3,3,485
6,4,4,4,3,3,3,3,3,5,4,4,4,4,3,4,7,2,2,6,4,3,5,2,6,6,3,4,4,4,3,2,46,1,1,5,4,Field Trainer,35,43,1,3,3,2,3,4,4,4,4,4,4,5,5,4,4,4,4,4,4,4,3,3,3,4,4,4,4,5,4,4,4,5,4,4,3,3,3,3,3,4,4,4,3,4,4,5,5,5,5,5,4,4,5,4,3,2,3,3,1,371
6,6,2,6,6,5,5,4,5,4,6,6,1,1,6,5,5,4,3,4,2,2,3,5,3,2,6,4,2,2,6,5,54,1,2,2,9,Food prep,36,50,1,3,5,4,3,4,4,3,3,2,2,4,4,3,4,4,3,2,2,3,2,4,4,4,4,4,4,5,5,5,5,4,4,5,3,4,4,3,5,6,3,6,3,3,3,6,6,6,4,4,7,6,6,6,4,4,5,5,2,500
7,7,1,6,6,6,6,6,6,6,7,6,7,1,1,6,5,6,6,6,6,6,5,6,1,1,5,2,2,2,6,6,18,4,1,6,10,Software engineer,40,12,6,6,6,3,7,6,5,5,5,5,5,5,5,4,5,5,4,5,4,5,4,5,4,5,4,5,5,5,5,5,5,5,5,5,5,5,5,5,1,1,1,1,1,1,1,7,7,7,7,7,7,7,7,7,7,7,7,7,3,389
6,6,1,6,6,7,7,7,7,6,6,7,1,1,4,6,4,5,6,5,5,6,6,6,1,1,6,4,2,4,5,5,26,1,1,6,4,biological manager,40,17,1,6,6,6,7,6,4,4,4,4,5,5,5,3,4,5,4,4,4,5,5,4,4,4,5,5,5,5,5,5,5,5,5,5,4,4,4,4,2,1,1,1,1,1,1,7,6,7,6,6,6,7,7,6,2,2,2,2,3,58
6,5,3,5,5,4,4,4,3,5,4,5,2,2,2,3,5,3,2,2,2,2,2,2,6,4,6,4,3,5,3,2,19,1,1,5,10,project manager,42,14,1,4,4,2,3,3,2,2,3,3,2,3,4,2,3,4,4,3,3,3,2,2,3,3,3,3,4,4,4,4,5,4,4,4,4,3,2,4,3,3,3,3,5,4,4,3,4,3,3,4,2,3,4,4,6,6,6,6,2,216
2,3,5,3,3,3,3,3,3,5,2,2,5,5,3,2,7,1,1,2,3,2,2,2,6,6,2,2,5,6,1,2,38,1,2,4,10,AI Data Quality Analyst,42,,5,5,4,6,6,6,2,2,4,4,4,2,4,2,2,5,2,3,2,4,2,4,4,4,4,4,4,4,4,4,4,4,3,3,2,3,2,3,1,1,1,2,1,1,1,4,4,4,3,3,3,2,1,3,6,5,5,6,1,439
5,3,6,4,3,2,4,2,2,6,4,5,6,2,4,6,5,5,3,4,4,4,4,4,3,2,6,5,4,4,3,3,46,1,2,5,3,Library Assistant,40,30,1,3,3,5,3,3,4,4,4,4,4,4,4,3,4,3,3,4,4,4,3,3,2,3,3,4,5,5,5,5,5,4,4,4,4,2,3,3,3,3,3,3,3,3,3,5,7,6,6,7,3,4,5,4,3,3,3,4,1,241
7,6,1,6,6,6,6,6,6,1,6,6,1,1,6,6,2,5,5,5,5,5,5,5,2,1,7,2,2,2,6,6,15,1,2,6,10,Forensic Scientist,40,7,1,3,5,2,2,3,4,4,4,4,4,5,4,2,4,4,4,4,4,4,4,4,3,4,4,4,5,5,4,5,4,4,4,4,4,4,3,4,2,3,3,3,3,3,3,5,5,5,5,5,3,3,5,5,5,3,5,5,3,379
6,7,1,6,7,7,7,7,7,1,7,7,1,1,7,6,1,7,7,6,6,6,6,7,1,1,6,1,2,1,7,7,15,1,2,5,9,Insurance Underwriter,40,16,5,6,7,2,5,2,5,5,5,5,5,5,5,4,5,5,4,5,5,5,5,5,4,5,5,5,5,5,5,5,5,5,4,4,3,3,4,3,2,2,2,2,2,1,2,5,7,5,7,7,4,6,6,4,3,1,3,1,3,336
6,7,2,6,6,6,7,6,7,3,5,4,4,3,5,6,3,5,6,6,6,5,6,5,3,4,3,5,5,6,4,5,21,1,1,5,10,"Communication, Merketing mana",40,16,1,5,6,4,5,6,4,5,3,4,2,4,5,4,5,2,3,4,4,5,3,5,3,4,3,4,5,5,5,5,4,4,4,4,3,3,4,4,4,2,2,4,2,2,2,6,5,6,4,2,4,6,6,6,4,3,3,2,2,332
6,5,2,6,5,5,5,5,5,2,6,6,2,2,6,6,2,6,6,6,6,6,6,6,2,2,6,2,2,3,6,6,23,1,1,3,4,human services,45,21,1,4,6,3,4,3,4,4,4,4,4,4,4,1,4,4,4,4,4,4,4,3,4,4,4,4,5,5,5,5,5,5,5,5,5,5,5,5,2,2,2,2,2,2,2,5,5,5,5,5,4,5,4,4,2,2,2,2,3,428
6,6,2,6,6,6,6,6,5,2,6,6,2,2,6,3,2,6,5,3,5,5,5,6,2,2,3,5,2,2,6,5,37,,1,5,9,Hospitality Manager,40,36,1,5,6,2,5,3,4,4,5,2,4,5,5,2,5,5,2,4,4,4,2,4,3,4,4,4,4,5,4,4,4,4,3,5,4,4,4,3,3,3,3,5,5,3,3,2,2,2,2,2,1,1,1,2,2,4,4,4,3,66
5,6,2,6,5,3,3,4,2,6,6,5,1,1,4,4,4,4,3,2,2,2,3,4,5,4,3,6,1,1,6,1,29,1,1,5,10,workstation specialist advanc,37,31,1,1,1,1,1,1,2,2,2,4,2,4,2,3,4,3,4,4,3,2,2,3,2,4,3,4,3,5,4,4,4,5,3,5,5,4,2,5,4,4,2,4,4,4,2,1,4,1,1,1,7,4,7,1,5,4,4,5,2,422
6,6,2,6,6,4,4,5,5,4,6,6,2,1,6,4,6,3,3,7,6,6,6,5,3,3,2,5,3,5,4,3,40,1,2,3,8,inventory specialist,42,40,1,6,6,2,3,2,4,4,4,4,3,5,5,2,5,4,4,4,4,4,4,3,4,4,4,4,5,5,5,5,5,5,4,3,3,3,3,3,1,1,2,2,1,1,1,7,6,6,6,5,1,1,1,1,1,1,1,1,2,416
7,5,3,6,5,5,5,3,3,5,6,6,6,3,6,6,3,6,5,4,6,6,5,6,2,2,7,2,2,2,6,2,22,1,1,3,10,project manager / IT,44,22,5,6,6,3,5,5,2,2,2,2,2,2,4,4,4,5,4,4,4,4,2,4,3,4,4,4,4,4,4,4,4,4,4,4,3,4,4,4,3,3,3,3,3,3,3,5,5,5,5,5,5,5,6,5,5,4,4,4,2,33
2,4,5,4,3,2,2,2,2,6,4,4,4,3,4,5,4,5,5,4,2,2,2,1,6,6,5,3,2,4,6,4,38,1,1,5,10,Recruiting / HR,41,13,1,5,4,4,3,3,1,2,2,2,2,2,4,2,2,2,2,2,2,4,2,2,4,4,4,4,5,4,4,4,4,4,4,4,3,4,4,4,3,1,3,3,3,5,1,7,5,5,5,4,4,4,4,4,2,2,2,1,1,328
5,6,1,6,6,5,5,6,3,5,6,6,2,1,3,5,4,4,5,6,6,5,6,6,3,2,4,3,3,2,3,5,16,1,2,5,7,revenue analyst,40,12,5,6,6,3,5,4,4,4,4,4,4,5,5,4,5,5,5,4,5,4,3,2,2,3,2,3,5,4,4,4,4,4,3,3,3,2,3,4,3,2,2,3,3,2,2,5,2,3,4,2,5,5,6,5,6,5,6,6,2,538
2,2,6,4,3,3,3,3,2,6,3,4,4,3,4,2,7,3,2,2,2,1,1,1,4,7,1,4,1,1,1,1,44,1,2,5,7,human resources,50,33,6,3,2,2,2,2,4,4,4,4,4,4,4,2,2,3,4,4,4,4,4,4,4,4,4,4,4,5,5,5,5,5,5,4,4,4,5,5,3,2,3,3,2,3,2,6,5,6,3,5,3,5,5,5,3,3,3,3,1,178
6,5,3,5,5,4,3,3,4,4,5,5,3,3,5,5,5,4,3,6,5,5,6,4,5,3,6,4,3,4,5,5,6,1,1,5,10,catastrophe risk analyst,40,2,6,6,5,4,5,5,4,4,4,5,4,5,4,3,4,4,5,4,5,5,4,3,3,3,2,3,2,4,3,4,4,3,3,3,4,2,2,3,5,4,5,5,4,3,5,6,5,6,5,5,4,5,4,5,5,4,6,5,2,324
7,7,1,7,7,7,7,7,7,1,7,6,1,1,7,7,1,7,7,6,6,6,6,7,1,1,7,1,1,1,7,7,43,1,2,5,9,IT Architect,40,30,6,3,4,6,4,2,5,4,4,5,5,5,5,4,5,4,4,4,4,4,4,4,4,4,4,4,4,5,4,4,5,4,4,4,3,2,3,3,5,2,1,2,1,3,1,5,5,7,4,7,4,5,7,5,1,1,1,3,3,81
6,5,2,5,5,5,6,6,5,3,5,4,3,3,5,4,5,3,2,5,5,5,6,5,4,1,7,5,4,4,6,2,25,1,1,5,4,Physical therapy assistant,40,19,1,5,6,4,5,5,4,5,5,4,4,4,4,5,4,4,4,5,4,4,4,5,2,5,4,4,4,5,5,5,5,4,4,5,4,3,4,4,3,2,2,3,2,2,3,5,5,6,6,5,3,5,6,5,3,2,2,5,2,105
5,5,5,5,5,5,5,5,5,5,5,5,5,2,5,5,2,5,5,5,5,5,5,5,4,5,5,5,2,4,5,5,16,5,1,2,9,Manager food service,,15,1,5,5,5,5,5,4,4,4,4,4,4,4,4,4,4,4,4,4,4,4,4,4,4,4,4,4,4,4,4,4,4,4,4,4,4,4,4,5,5,5,5,5,5,5,5,5,5,5,5,5,5,5,5,5,5,5,5,2,274
6,7,2,7,7,6,6,7,7,1,6,7,1,1,7,6,1,6,6,5,5,6,7,5,1,1,3,1,1,1,6,5,38,1,1,5,10,Audit Protest Hearing Officer,,35,6,5,6,2,3,2,5,5,5,4,4,5,4,4,5,5,5,4,4,5,3,4,3,5,4,4,4,5,4,4,4,5,4,5,4,5,4,4,2,1,3,1,1,2,2,7,7,7,3,7,7,6,7,6,3,2,3,6,3,26
7,7,1,7,7,7,7,7,7,1,7,7,7,1,7,7,1,7,7,7,7,7,7,7,1,1,7,1,1,1,7,7,29,1,2,5,9,Administrative office manager,40,22,6,7,7,7,7,7,5,5,5,5,5,5,5,5,5,5,5,5,5,5,2,5,5,5,5,5,5,5,5,5,5,5,5,5,5,5,5,5,6,6,6,6,6,6,6,7,7,7,7,7,4,5,5,5,6,6,6,6,3,420
7,6,2,6,7,6,6,7,6,1,7,5,1,1,6,7,1,7,5,7,7,7,6,5,1,1,7,3,2,1,7,5,43,,2,2,10,Senior IT manager,45,40,6,7,7,4,7,3,5,5,5,5,5,5,5,4,5,5,4,4,5,5,4,4,3,5,5,5,4,5,5,5,5,5,5,5,4,4,3,4,3,1,3,1,1,1,1,7,7,6,4,7,5,7,7,6,6,5,7,7,3,243
7,6,2,6,6,6,6,6,6,2,6,7,1,1,7,5,3,5,5,6,6,6,6,6,2,1,6,2,1,2,6,5,39,1,1,5,9,Financial Analyst,50,33,6,7,7,6,7,7,4,4,4,5,4,5,5,4,5,5,4,5,5,5,4,4,4,5,4,4,5,5,5,5,5,5,5,5,4,5,5,5,2,2,2,2,2,2,2,7,7,7,6,7,7,7,7,7,2,2,2,2,3,200
7,4,2,5,4,5,5,4,4,6,4,5,1,1,6,1,7,1,1,5,5,5,5,1,4,2,7,7,4,4,4,1,38,1,2,4,9,customer service representati,40,33,5,1,1,1,1,1,2,1,2,3,1,5,5,1,5,3,4,4,3,4,3,5,3,5,5,5,3,4,4,4,4,4,5,1,5,1,1,5,1,1,1,1,1,1,1,4,4,4,4,4,1,1,1,1,1,1,1,1,2,272
6,7,2,7,7,6,6,7,7,2,7,7,2,1,7,7,2,7,6,5,5,5,5,5,4,2,5,2,2,2,5,4,33,1,2,6,10,librarian,44,34,1,3,5,4,3,2,4,3,2,4,3,4,4,2,4,4,5,4,4,4,3,2,2,4,2,3,3,4,4,5,5,4,4,4,3,3,3,3,2,2,2,2,2,2,2,7,6,6,4,6,4,4,7,5,3,3,3,3,3,152
6,6,1,6,6,6,6,6,6,1,6,6,1,1,6,6,1,6,6,4,3,3,3,6,1,1,6,1,1,2,6,6,38,1,2,5,2,Graphic Designer,40,23,6,5,6,2,4,4,4,4,4,4,4,5,4,3,3,4,4,4,4,4,4,4,3,4,4,4,5,5,5,5,5,5,5,5,3,4,4,3,4,2,2,2,2,2,2,5,5,5,4,5,4,4,4,4,4,3,4,4,3,367
6,6,6,6,6,6,6,6,6,1,6,5,6,1,5,6,1,6,6,6,6,6,6,6,6,1,7,6,1,1,6,6,42,1,2,2,7,auto parts maker called assoc,40,,1,5,6,4,3,3,4,4,4,5,5,4,5,1,4,5,3,4,4,4,4,4,3,5,5,4,4,5,5,5,5,4,4,4,3,3,4,4,1,1,1,1,1,1,1,5,5,4,5,4,2,2,2,2,2,4,2,2,3,96
6,6,1,6,6,5,5,5,5,3,6,7,1,1,7,6,1,7,7,4,3,3,3,6,1,1,7,3,1,1,6,5,27,4,1,4,10,warehouse worker,40,24,1,4,4,2,2,4,4,4,4,4,4,5,4,3,4,3,4,5,4,5,4,4,3,4,4,4,4,5,5,5,5,5,4,5,4,3,4,4,2,2,2,2,2,2,2,7,7,7,7,7,6,4,6,6,2,1,2,2,3,291
5,2,6,2,2,2,2,2,2,4,1,2,6,7,2,3,6,3,3,4,5,7,5,4,6,6,2,2,6,7,1,2,17,1,2,6,10,Director of Cognitive Researc,40,15,6,5,6,4,5,6,4,4,5,5,5,4,5,4,4,3,5,5,4,5,5,5,3,4,4,5,3,4,3,5,4,4,3,3,3,3,4,3,2,3,3,4,2,2,2,7,5,5,5,7,3,3,4,3,4,1,3,3,1,468
7,6,1,7,6,7,6,6,7,5,7,5,5,2,4,6,2,6,6,2,2,2,5,4,6,2,7,2,2,2,4,1,42,1,1,2,8,Social Media Manager.  Manufa,30,42,5,6,6,3,5,3,3,2,4,2,2,4,4,2,4,2,3,3,4,4,4,4,2,4,4,4,4,5,5,4,5,5,5,4,4,4,3,2,3,5,3,3,3,3,3,4,5,5,5,5,3,3,3,3,3,3,3,3,2,155
6,5,2,4,5,6,5,6,5,2,5,4,1,2,4,4,3,5,5,7,6,5,5,5,4,3,4,4,2,2,3,4,15,,2,5,10,Project Coordinator,42,9,6,6,5,4,5,5,4,3,4,5,3,5,4,2,4,3,4,5,5,5,4,2,2,4,2,3,3,5,4,4,4,5,3,3,2,3,4,5,3,4,2,4,3,2,2,5,6,4,3,4,3,4,6,4,3,2,5,4,2,451
7,6,2,6,6,5,5,6,6,2,5,7,2,1,6,5,3,6,5,5,6,6,5,6,2,3,6,4,2,3,6,5,23,1,1,6,3,TEACHER,40,17,1,5,6,3,4,4,4,5,5,4,4,5,4,5,5,5,5,4,5,4,4,5,5,5,5,4,4,4,5,3,4,4,3,4,4,3,2,4,5,4,5,5,3,2,2,5,6,6,5,5,5,6,5,5,6,7,6,5,3,542
7,6,6,6,6,5,6,6,6,5,6,5,6,5,6,5,3,5,6,4,5,5,6,4,3,3,6,3,3,3,5,5,21,1,1,5,9,manager,40,22,1,5,6,5,5,6,4,4,4,4,4,5,3,3,4,3,4,4,4,4,3,4,4,4,4,4,4,4,4,4,4,3,3,4,4,4,3,4,3,4,3,4,4,4,4,5,5,5,4,5,4,5,5,4,3,4,3,4,2,42
4,5,5,4,5,5,4,4,4,3,5,4,4,3,4,4,3,4,4,4,5,4,5,4,4,5,3,2,3,4,3,3,55,1,1,5,10,software design,40,45,6,6,5,5,5,5,4,4,4,4,4,4,4,3,4,4,4,4,5,4,4,3,4,4,4,3,4,5,4,5,5,5,4,5,5,3,4,4,5,5,5,6,3,5,4,4,5,5,5,6,4,5,5,5,4,3,3,4,2,193
6,6,2,6,6,6,6,6,6,2,6,6,2,2,6,5,2,6,5,5,5,6,5,3,6,3,4,5,2,3,7,7,28,1,3,5,9,Tax Analyst,50,25,5,5,5,3,2,2,5,5,5,4,4,4,4,2,4,3,4,4,4,4,4,3,3,4,4,4,4,4,4,4,4,4,4,3,3,3,3,3,3,3,3,3,3,3,3,3,2,2,6,2,1,4,4,3,1,1,1,1,3,164
4,3,5,3,4,3,4,2,4,3,4,4,4,4,5,3,4,4,5,4,3,2,4,5,4,4,4,5,5,4,3,3,9,1,1,5,7,Engineer,41,5,6,3,5,3,2,4,2,3,4,4,3,3,4,3,3,2,3,3,2,3,3,3,4,2,1,4,3,4,4,4,3,4,3,3,3,3,2,3,4,5,5,3,3,4,4,5,4,4,4,6,5,4,4,5,4,3,5,5,1,277
5,5,2,5,5,5,5,6,6,5,5,5,4,4,4,4,5,4,4,5,4,5,5,6,2,2,5,5,3,3,5,5,27,1,1,6,10,Engineering Consultant,40,18,6,5,6,4,4,4,4,5,4,4,5,4,5,4,5,5,5,4,5,5,5,4,4,4,4,4,3,4,5,4,4,5,3,3,1,2,2,2,3,1,1,5,1,2,3,7,7,7,6,6,1,2,1,2,2,2,1,1,2,259
7,7,1,7,7,7,7,7,7,1,7,7,7,1,7,7,1,7,7,1,1,7,7,7,1,1,6,1,1,1,7,7,46,1,2,4,8,Assistant manager,56,49,1,7,7,1,7,5,5,5,5,5,5,5,5,5,5,5,5,5,5,5,5,5,5,5,5,5,5,5,5,5,5,5,5,5,5,5,5,5,1,1,1,1,1,1,1,7,7,7,7,7,7,7,7,7,1,1,1,1,3,424
7,5,4,5,4,3,3,2,2,5,5,5,3,3,6,5,4,5,3,4,4,4,3,5,3,5,2,5,2,2,3,6,31,1,2,6,8,team manager,45,27,5,6,6,3,5,4,3,3,4,4,3,4,4,2,4,3,4,4,4,4,2,2,2,3,3,4,4,5,4,4,5,4,4,4,3,3,4,3,4,4,5,3,4,2,2,5,3,4,3,6,5,4,6,5,4,3,3,4,2,312
6,5,6,7,6,5,6,6,7,5,6,5,6,5,4,6,6,5,6,5,4,6,5,4,6,4,5,6,5,4,5,6,44,1,1,5,10,Sales Manager,38,36,5,5,5,5,5,5,4,4,5,4,4,5,5,4,5,4,3,4,4,5,3,4,3,4,4,3,4,5,4,5,4,3,4,5,3,4,5,4,5,6,4,7,6,5,4,5,6,6,7,5,6,5,4,6,2,5,6,5,2,524
7,7,1,7,7,7,7,7,7,1,7,7,1,1,7,7,1,7,7,7,7,7,7,7,1,1,6,1,1,2,7,7,48,1,2,5,2,Manager,40,44,1,7,7,6,2,2,5,5,5,5,5,5,5,4,5,4,4,4,4,4,4,4,3,5,4,4,5,5,5,5,5,5,5,5,5,5,5,5,3,1,1,1,2,1,1,7,7,7,7,7,4,6,7,7,7,4,4,6,3,335
6,6,1,6,6,6,6,6,6,2,6,5,3,3,4,6,3,6,6,5,5,5,5,5,3,2,6,3,2,3,5,4,21,1,1,5,10,Head of Operations,45,16,6,5,6,5,6,5,4,4,4,4,4,5,5,2,4,4,5,5,4,4,4,4,3,4,4,4,4,5,5,5,5,4,4,3,3,3,3,3,6,6,6,6,6,6,6,5,5,5,5,5,3,4,2,5,3,3,3,3,3,91
6,6,2,6,6,6,6,5,5,3,6,5,2,2,6,5,3,6,5,6,6,6,5,6,2,3,5,2,2,2,6,4,46,1,1,6,10,Multi Unit Restaurant Manager,45,42,6,6,6,3,6,3,4,4,5,4,3,4,5,3,4,3,2,4,4,4,4,4,3,4,5,4,4,5,4,4,5,4,4,3,3,4,4,3,2,2,3,3,2,2,3,5,5,5,6,6,2,3,3,2,3,3,3,3,3,448
7,7,1,7,7,6,6,7,6,1,7,3,1,1,5,5,6,3,3,6,6,6,6,6,2,1,7,1,1,5,7,5,17,1,1,4,10,Quality assurance manager,40,15,6,6,7,2,5,3,5,5,5,5,5,5,5,3,4,5,5,5,5,5,5,4,5,5,4,5,4,5,4,4,4,5,3,5,4,3,4,4,6,5,3,3,2,1,6,6,6,5,7,6,6,6,7,7,3,2,3,3,3,454
7,7,1,7,7,7,6,7,6,1,7,7,1,1,7,7,1,7,7,7,6,7,7,6,1,1,7,1,1,1,7,7,55,1,2,6,10,team lead,40,44,1,5,5,3,3,3,5,5,5,5,4,5,5,4,5,5,5,4,5,5,4,5,5,5,5,4,4,5,5,5,5,5,5,5,2,4,4,3,2,1,1,1,1,1,1,7,7,7,6,7,7,7,7,7,6,5,6,7,3,403
7,7,1,7,7,7,7,7,7,1,7,7,1,1,7,7,1,7,6,5,6,6,6,7,1,1,5,1,1,1,7,7,31,1,1,4,4,Biomedical Technician,43,31,1,6,6,1,4,5,5,5,5,5,5,5,5,4,5,5,5,5,5,5,5,4,4,5,4,5,4,5,5,5,5,5,4,4,4,4,4,4,2,2,2,2,1,2,2,7,7,7,5,7,6,7,6,7,3,3,3,3,3,447
6,6,7,6,5,6,6,7,6,6,7,6,5,6,6,5,4,5,6,6,5,7,6,6,4,3,3,4,2,5,6,5,21,4,1,6,10,Software Developer,40,11,6,1,6,2,1,2,5,4,4,5,4,4,5,4,4,5,4,5,5,4,5,5,4,5,4,5,5,4,4,4,3,5,4,3,4,5,4,5,2,1,2,3,2,1,1,5,6,5,6,7,3,6,5,6,3,5,5,3,2,417
6,6,2,6,6,6,6,6,6,2,6,6,6,2,6,6,2,6,6,6,6,6,6,6,2,2,6,2,2,6,6,6,19,4,1,5,10,Analyst,40,18,6,6,6,3,5,3,4,4,4,4,4,4,4,4,4,4,4,5,5,4,4,4,4,4,4,5,4,5,5,5,5,4,4,4,4,4,5,5,3,3,3,3,3,3,3,5,5,5,5,5,2,5,5,5,2,2,5,2,3,309
4,4,3,4,4,2,3,3,2,5,4,5,3,3,4,2,5,3,4,3,3,3,3,5,3,2,5,6,3,3,3,5,17,4,1,6,4,Lab Technician,40,6,1,5,5,4,5,3,2,1,4,3,2,4,4,4,4,4,3,4,4,4,2,4,3,4,4,4,4,4,4,4,4,5,5,4,4,4,3,5,3,3,2,3,4,3,3,2,5,3,4,2,2,2,5,4,5,2,3,4,1,570
5,5,4,5,5,5,5,5,5,4,4,4,4,5,5,4,4,4,5,5,4,4,4,4,5,4,4,4,5,4,4,5,30,2,1,6,3,Education,40,22,6,5,6,5,4,4,5,4,5,5,4,4,4,4,4,4,4,4,4,4,4,4,3,4,4,5,4,5,5,5,4,4,4,4,3,4,4,4,3,4,4,3,3,4,4,4,5,4,4,5,3,4,4,4,4,4,4,4,2,255
7,7,1,7,7,7,7,7,7,1,7,7,1,1,7,7,1,7,7,4,5,5,5,7,1,1,7,1,1,1,7,7,26,1,1,5,7,IT Manager,45,25,6,3,6,3,2,2,5,5,5,5,5,5,5,4,5,4,5,4,4,4,4,5,4,5,5,5,5,5,5,5,5,5,5,5,5,5,5,5,1,1,1,1,1,1,1,7,7,7,6,7,2,2,1,1,1,1,1,2,3,398
7,7,1,7,7,7,7,7,7,1,7,7,1,1,7,6,2,6,6,6,6,6,5,7,1,2,5,1,1,2,7,6,37,4,1,4,5,IT Director,40,36,6,6,6,4,5,4,4,4,4,5,4,5,5,4,5,5,3,4,4,4,4,3,3,4,5,5,4,5,5,5,5,5,4,4,4,4,4,3,1,1,1,1,1,1,1,7,6,7,7,7,4,3,4,4,3,1,2,3,3,261
7,7,1,7,7,7,7,7,7,2,7,7,1,1,7,7,1,7,7,7,6,6,7,7,1,1,7,1,1,1,7,6,37,1,2,3,6,paralegal,45,37,5,6,6,6,6,6,5,4,4,5,4,5,5,4,5,5,5,5,5,5,5,3,2,4,2,4,5,5,5,5,5,5,5,5,5,2,2,4,7,2,5,2,2,2,2,7,6,5,2,6,3,3,6,3,6,3,6,6,3,381
6,6,2,6,6,6,6,6,6,2,5,6,2,2,6,6,2,6,6,5,6,6,6,6,2,2,5,2,2,2,6,6,35,1,1,5,7,Fabrication Manager,45,31,1,4,6,5,3,6,4,4,4,4,4,4,4,3,4,4,3,4,3,4,2,2,3,3,3,3,3,5,3,4,5,4,4,4,3,2,4,3,3,3,3,3,3,3,3,5,4,4,5,4,3,3,4,3,5,4,5,5,3,339
6,7,1,7,7,6,6,7,7,1,7,7,1,1,7,6,4,5,4,4,1,4,4,5,4,1,6,6,1,1,7,4,41,1,2,5,3,technical assistant,40,36,1,6,7,2,2,1,5,5,5,2,4,5,5,5,5,4,4,5,5,5,5,3,3,5,4,5,2,5,5,5,5,5,4,4,1,2,3,1,1,1,1,1,1,1,1,7,7,7,6,7,1,1,6,7,4,1,4,7,3,266
6,5,2,6,6,4,4,5,4,3,5,5,2,2,5,6,3,5,5,5,3,3,5,2,1,1,7,3,2,3,5,5,40,1,2,6,10,office assistant,40,22,1,5,6,7,5,5,2,2,2,2,2,4,4,1,5,4,4,4,4,4,3,4,3,4,2,4,5,5,5,5,5,5,4,5,4,5,4,4,1,1,1,1,1,1,1,5,5,5,3,5,3,3,5,5,6,5,6,7,2,169
6,6,2,6,6,6,6,6,6,6,6,6,2,2,6,4,4,5,4,5,5,5,5,6,2,4,3,3,2,2,5,4,43,3,2,5,10,Cosmetic Specialist/ Manager,55,42,5,4,4,4,3,3,4,3,4,4,3,4,4,3,4,4,4,4,3,4,3,3,3,4,4,4,4,5,5,5,5,5,4,5,4,4,4,4,3,3,3,3,3,3,3,6,4,4,4,4,2,2,4,3,2,3,3,3,2,433
7,6,2,7,6,5,6,6,5,2,6,7,1,1,5,7,3,6,4,3,4,4,3,6,2,1,5,2,1,2,6,6,54,1,1,6,10,Life Insurance Sales,40,46,5,4,5,4,4,4,5,5,5,3,4,5,5,4,5,3,5,5,4,5,5,4,5,5,5,5,4,5,4,5,5,5,3,3,3,3,4,3,3,3,1,1,2,1,1,7,5,5,6,7,4,4,6,6,1,1,1,1,3,5
7,7,1,6,7,7,7,7,7,1,7,7,1,1,7,7,1,7,7,7,7,7,7,7,1,1,6,1,1,1,7,7,24,1,2,4,8,retail lead manager,40,26,1,7,7,1,7,6,4,4,4,4,4,5,5,1,5,4,4,4,5,5,4,4,5,5,5,5,4,4,5,5,5,5,4,5,5,4,4,4,1,1,1,1,1,1,1,7,7,7,7,6,7,7,7,7,2,1,5,1,3,9
7,7,1,7,7,7,7,7,7,1,7,7,1,7,7,7,1,7,7,7,7,7,7,7,2,1,5,1,1,1,5,5,11,1,1,5,8,Retail Store Manager,40,12,1,6,6,3,5,3,4,4,4,4,4,4,4,3,4,4,3,4,4,4,4,3,3,4,4,4,4,5,5,5,5,4,4,5,4,5,2,4,7,5,5,5,5,5,4,4,4,4,4,3,2,2,4,4,3,3,5,5,3,156
5,5,5,5,5,5,5,5,5,3,5,5,2,2,5,5,4,4,4,5,5,5,5,6,3,2,5,3,2,2,5,5,30,1,1,6,3,teacher,40,21,5,4,4,3,3,3,4,4,4,4,4,4,4,3,3,4,4,4,4,4,4,4,4,4,4,4,4,4,4,4,4,4,3,3,3,4,4,3,5,5,5,5,5,5,5,5,5,5,5,5,5,5,5,5,5,5,5,6,2,197
5,5,6,7,5,5,6,6,5,5,6,6,5,5,5,7,5,6,5,6,5,7,5,6,6,5,5,7,5,6,5,5,22,1,1,5,2,Marketing Manager,40,16,5,5,6,6,5,5,4,4,4,5,5,5,4,4,5,4,5,5,5,4,4,4,5,5,4,4,4,3,3,4,4,4,4,3,5,4,5,4,5,5,6,6,5,5,6,5,5,6,7,6,5,5,6,6,5,6,6,5,2,540
6,6,2,6,6,6,6,6,6,2,6,6,2,2,6,6,2,6,6,6,6,6,6,6,2,2,6,2,2,2,6,6,16,1,3,5,8,web developer,40,10,6,6,6,2,5,3,4,4,4,4,4,4,4,2,4,4,5,4,4,4,4,4,2,4,4,4,5,5,5,5,5,4,3,4,3,3,3,3,2,2,2,2,2,2,2,4,4,4,4,3,3,3,3,3,4,2,4,5,3,518
5,6,3,5,5,5,5,5,6,3,5,5,5,3,4,5,5,4,3,5,3,5,5,5,5,5,3,5,3,4,3,2,12,1,2,5,10,vendor management coordinator,40,6,5,6,5,5,5,5,4,4,4,5,4,4,4,4,3,4,3,4,4,4,4,4,3,4,4,4,4,3,3,4,4,4,5,4,4,4,4,4,4,6,5,5,5,5,4,6,5,5,5,6,6,6,5,5,5,6,5,5,2,450
6,6,1,7,7,7,7,7,7,1,7,7,1,7,7,7,1,7,7,6,6,6,6,7,1,1,5,1,1,1,7,7,19,1,2,3,1,office manager/ cattle ranche,40,18,6,5,5,2,2,2,4,3,4,3,4,3,4,2,4,3,3,3,4,4,4,4,3,4,4,4,4,4,4,4,4,4,4,4,4,4,4,4,3,4,4,4,3,4,4,6,6,6,6,6,1,1,1,1,1,1,1,1,3,288
6,5,3,5,5,5,6,6,5,4,5,4,3,4,4,6,3,5,5,6,6,6,5,5,3,2,6,3,2,2,6,5,28,1,1,6,3,Teacher/Coach,55,25,1,7,7,6,7,5,4,4,4,5,3,4,4,3,3,2,2,2,4,4,4,5,4,4,4,4,3,4,4,4,4,4,4,3,3,4,2,2,4,3,2,4,3,3,3,7,5,5,7,5,3,3,4,4,3,1,3,3,2,356
6,7,2,6,6,6,6,6,5,2,7,6,1,1,6,6,2,6,6,5,5,5,5,6,2,2,4,2,2,2,6,6,31,,1,3,10,LDAR Fugitive emissions super,45,29,1,5,6,4,5,3,4,3,3,4,3,5,4,3,4,4,4,4,3,4,3,3,3,4,3,4,4,4,4,4,5,4,4,4,3,2,4,3,4,2,6,5,4,3,3,4,3,4,3,4,4,5,5,4,4,3,3,3,3,366
6,6,7,6,6,6,5,6,6,7,7,6,6,2,5,6,1,5,6,4,5,5,2,5,2,1,4,3,2,5,5,6,39,1,1,6,3,head athletic coach at a coll,43,35,1,6,6,3,4,3,4,4,3,4,3,3,4,3,3,2,3,4,4,5,4,4,4,4,3,4,4,5,4,4,4,4,4,5,4,4,5,4,3,3,2,3,2,3,2,5,5,6,6,6,5,6,6,6,5,6,5,5,2,130
7,7,7,7,7,7,7,7,7,1,7,7,7,1,6,7,1,7,7,7,7,7,7,7,1,1,3,1,1,1,7,7,18,5,1,6,2,musician,40,9,1,6,7,1,7,1,5,5,5,5,5,5,5,4,5,5,5,5,5,5,5,5,5,5,5,5,5,5,5,5,5,5,5,5,5,5,4,5,1,1,1,1,1,1,1,7,7,7,7,7,1,1,1,1,1,1,1,1,3,330
7,7,1,7,7,7,7,7,7,1,7,7,1,1,7,7,2,6,7,7,7,7,7,7,1,1,7,1,1,1,7,7,10,1,1,6,4,Healthcare manager,40,5,1,5,7,5,5,5,4,4,4,4,4,5,5,1,5,4,5,5,5,5,5,5,4,5,5,5,5,5,5,5,5,5,4,5,3,3,3,3,2,2,2,2,2,2,2,5,5,5,2,6,5,5,5,5,2,6,5,2,3,67
5,5,5,5,5,4,4,4,3,5,5,5,3,3,5,5,4,5,5,6,5,5,4,3,4,4,4,3,3,3,5,3,42,1,1,4,7,Production manager,55,41,1,6,6,5,5,5,3,3,2,4,2,4,4,3,4,4,4,4,4,4,3,4,3,4,4,4,3,5,5,5,5,4,4,5,4,4,3,3,2,2,2,2,2,2,2,7,6,7,6,6,5,5,4,4,2,2,3,4,2,572
6,5,3,5,5,3,3,3,3,5,6,2,6,3,5,3,6,2,2,6,5,5,6,3,6,5,2,7,2,5,5,2,39,1,2,5,3,Social worker,40,37,6,5,6,5,5,3,2,2,2,4,2,4,4,2,4,2,4,4,4,4,2,2,2,2,2,4,4,4,5,5,4,5,3,3,3,3,4,3,3,5,2,3,3,3,3,5,5,5,6,5,2,3,3,3,5,3,3,5,1,292
5,1,7,1,1,5,4,2,2,6,1,1,7,6,2,1,7,1,1,7,7,7,7,6,1,2,5,1,2,2,1,7,41,1,2,6,3,High school ESL teacher,50,36,1,7,7,6,7,7,2,2,4,3,3,4,3,5,5,5,5,5,3,5,3,1,1,2,1,1,5,5,5,5,5,5,5,5,5,5,5,5,5,5,5,5,4,3,3,6,6,6,4,6,6,6,6,6,5,6,6,7,1,482
7,6,3,6,5,4,5,6,5,4,5,6,5,4,5,5,4,5,5,6,5,5,4,4,3,3,7,4,1,1,4,4,19,1,1,5,10,Staff Accountant,46,23,1,5,6,4,4,4,4,4,3,4,4,5,4,4,3,3,3,3,3,3,3,2,2,3,3,3,3,3,3,4,4,4,4,4,4,3,4,4,4,4,3,3,3,4,4,4,4,3,4,4,2,4,2,2,4,5,4,5,2,421
6,7,2,6,6,7,6,7,5,2,6,7,2,2,4,7,2,6,6,4,4,4,6,6,2,2,6,3,2,2,6,6,18,1,1,5,2,Quality Assurance Analyst in,42,19,6,5,5,2,3,3,3,2,2,3,2,4,4,4,4,3,4,4,4,4,2,4,2,3,2,2,5,5,5,5,5,5,5,4,4,5,5,5,3,5,4,4,3,5,5,3,6,3,3,5,7,7,6,7,7,7,5,7,3,445
7,6,1,6,7,7,7,6,6,7,7,7,7,1,4,6,6,7,5,7,7,6,6,7,7,1,7,1,1,1,6,6,18,2,2,3,4,INSURANCE AGENT,40,18,6,5,6,6,5,5,5,5,5,5,4,4,5,4,5,4,4,5,5,5,4,4,5,5,4,5,5,5,5,4,4,5,4,5,4,5,5,4,7,7,6,7,1,6,1,5,6,7,5,6,1,1,6,1,4,3,1,1,3,315
6,6,2,6,6,6,5,4,3,3,5,5,2,2,5,6,3,5,5,6,6,6,6,6,2,2,5,2,3,3,6,6,35,1,2,2,9,Risk Placement for Commercial,40,33,5,5,6,5,5,2,4,3,4,4,2,4,4,4,4,4,4,4,3,4,4,3,2,4,2,4,4,4,4,5,5,4,4,3,3,3,4,3,2,2,6,2,6,2,2,5,6,6,2,6,3,5,5,6,2,2,2,5,2,84
7,6,6,7,7,6,6,6,7,1,6,6,1,1,6,7,1,7,6,6,6,6,6,6,1,1,7,1,2,1,6,6,19,1,2,3,8,Sales consultant,40,25,6,6,7,5,5,5,5,5,5,5,5,5,5,5,5,5,5,5,5,5,4,4,4,5,5,5,4,4,4,5,5,5,3,3,2,2,3,2,3,5,3,5,3,3,3,7,7,7,7,7,3,3,3,4,3,3,3,3,3,531
7,6,1,7,7,6,6,6,4,3,6,7,1,1,7,5,3,5,5,6,6,6,6,7,1,2,1,2,1,1,6,6,36,1,2,5,4,registered nurse,40,37,6,5,7,2,5,2,5,4,5,4,4,5,5,4,5,4,3,4,4,4,3,3,2,3,3,3,5,5,4,4,5,5,4,5,3,3,3,3,1,1,1,1,2,1,1,7,7,7,6,7,2,2,5,5,3,1,3,3,3,556
5,3,5,3,2,3,2,2,2,5,2,2,5,5,3,3,6,3,2,7,7,7,7,4,5,4,6,4,5,6,2,2,42,1,1,3,7,IT Support Technician,40,31,6,6,6,6,6,6,1,1,2,2,2,3,3,2,3,3,2,3,2,3,2,2,1,2,2,2,4,5,5,4,4,4,3,4,3,3,2,3,3,3,3,2,3,2,1,5,5,5,4,4,3,3,4,4,3,3,4,4,1,508
5,4,5,3,3,4,3,2,2,6,2,1,6,5,5,2,6,3,2,5,1,3,4,2,5,3,6,4,3,6,2,2,29,1,1,3,9,information,45,28,6,5,6,3,5,4,2,2,3,4,3,5,2,2,5,4,3,4,4,4,2,4,2,5,4,4,2,4,4,5,4,3,3,3,4,4,2,2,5,6,6,5,4,5,5,5,4,5,3,4,2,3,2,2,1,3,4,4,1,99
6,6,1,6,6,6,6,6,6,6,6,6,6,1,6,6,1,6,7,4,4,4,5,5,1,1,7,1,1,1,7,7,21,2,2,2,9,Distributor,40,13,1,2,6,4,1,1,4,4,4,4,4,4,4,4,4,5,3,4,4,4,4,4,3,4,4,4,5,5,5,5,5,5,5,5,5,5,5,5,4,7,3,6,2,1,1,6,7,4,6,7,1,1,6,4,1,1,1,1,3,185
7,7,1,7,7,7,7,7,6,1,7,7,1,1,7,6,1,6,5,6,6,6,6,6,1,1,6,1,1,1,7,6,36,1,2,6,3,library branch manager,40,37,1,3,6,2,3,1,3,2,4,4,3,4,5,4,4,4,3,2,2,2,2,2,3,4,4,4,4,4,4,5,4,4,3,4,3,3,3,3,3,3,2,3,2,1,1,4,6,4,6,3,1,2,2,3,4,2,2,3,3,489
7,7,1,7,7,7,6,7,6,1,7,7,1,1,7,7,1,6,7,3,4,4,3,5,1,1,5,3,1,1,7,3,40,1,1,3,10,Contracts Manager,40,36,6,5,7,3,5,3,5,4,3,4,2,5,5,4,5,4,5,4,4,5,3,5,4,5,5,5,5,5,4,4,5,4,4,5,3,3,3,2,1,2,1,2,2,1,1,5,4,5,3,5,2,1,4,4,5,4,2,5,3,406
7,6,1,6,6,5,5,5,5,2,6,6,1,1,6,6,2,6,6,7,6,7,7,3,5,1,7,6,1,1,6,4,33,1,1,5,10,director of operations and HR,45,34,1,6,6,5,6,6,4,3,4,3,4,4,5,4,4,4,5,4,4,5,4,4,5,5,5,5,5,5,5,5,5,5,4,4,3,4,5,3,3,2,2,2,1,2,2,3,5,4,5,5,4,4,5,5,6,5,2,6,3,15
7,6,2,5,5,6,5,6,5,2,6,6,2,3,5,5,3,5,5,5,5,5,4,6,2,1,7,1,2,2,6,6,16,,2,6,4,dentist,38,15,1,5,6,3,5,5,4,4,4,4,4,5,4,3,4,5,4,5,5,5,4,4,4,4,4,4,5,5,5,5,5,5,4,4,3,3,3,2,1,1,1,1,1,1,1,5,5,6,6,4,3,3,1,1,6,3,6,6,3,579
6,6,4,6,5,6,6,6,6,2,5,5,2,2,5,5,4,6,5,6,6,5,5,6,3,3,4,3,2,5,5,5,21,4,1,5,3,Assistant Director,45,15,6,6,6,4,6,6,4,4,5,4,5,4,5,4,4,5,4,5,4,4,4,4,5,5,5,5,5,5,4,5,5,4,4,4,3,5,5,3,5,6,5,6,6,6,6,6,4,4,4,4,3,4,6,6,5,4,6,6,2,560
6,6,3,6,6,6,6,6,6,2,6,5,3,3,6,6,3,5,5,5,5,5,6,5,2,2,7,2,4,2,6,5,4,1,1,5,10,Analyst,40,4,6,5,5,5,5,5,4,4,5,5,5,5,4,4,5,5,5,5,5,5,5,4,3,4,4,4,5,5,5,5,5,5,5,5,4,4,5,4,3,3,3,3,2,2,2,6,6,7,6,7,5,6,7,7,4,3,3,5,3,452
7,6,2,6,6,6,6,6,6,2,5,5,2,2,5,5,3,5,5,6,6,6,6,6,2,1,7,2,2,2,6,5,38,1,1,4,7,Operations Director,42,30,1,6,6,4,5,5,4,4,5,4,4,5,5,5,5,5,4,5,4,5,4,5,4,5,5,5,4,5,4,5,5,5,4,5,4,4,4,4,2,3,2,3,1,2,3,5,6,5,6,5,5,5,5,5,2,3,2,3,3,110
7,6,1,7,7,6,6,7,7,2,6,3,5,2,6,5,5,2,2,7,6,7,7,7,1,1,7,1,1,1,6,5,10,1,2,2,4,Medical Scribe,40,10,5,7,5,6,7,7,4,5,5,4,4,5,5,4,5,5,4,4,4,4,5,2,4,5,5,5,5,5,5,5,5,5,4,5,3,5,4,4,1,1,1,1,1,1,1,3,2,2,1,1,1,1,5,1,5,5,6,6,3,348
5,6,3,5,5,5,6,6,5,6,5,5,4,3,5,6,5,6,5,5,3,5,6,5,3,3,5,5,5,3,5,5,19,3,2,5,8,sales analyst,36,8,1,5,6,3,5,4,4,5,4,4,4,5,4,2,4,5,4,4,4,5,4,4,4,5,4,4,4,5,4,5,4,5,4,4,4,5,4,4,3,5,4,4,3,6,5,5,6,6,7,6,5,6,5,6,3,2,5,2,2,282
7,7,7,7,7,7,7,7,7,7,7,7,1,1,7,7,1,7,7,7,7,7,6,7,1,1,7,1,1,1,7,7,36,1,1,5,10,Middle manager,45,34,1,3,6,1,2,2,5,5,5,5,5,5,5,4,5,4,5,5,5,5,5,5,3,5,5,5,5,5,5,5,5,5,4,5,3,3,4,3,1,1,1,2,1,1,1,7,7,7,7,7,5,5,5,5,2,1,1,1,3,219
6,6,3,5,5,4,4,5,6,3,4,5,2,2,5,4,5,4,4,5,5,4,5,3,5,2,7,7,2,3,5,5,35,1,2,3,8,Accounts Payable Specialist,40,32,1,5,5,3,5,3,4,4,4,4,4,4,4,3,4,3,3,3,3,3,3,4,4,4,4,4,3,4,4,4,4,4,4,4,3,3,4,3,3,3,3,3,3,3,3,5,5,5,4,4,4,4,5,5,3,3,3,3,2,18
6,6,2,6,6,6,6,6,6,2,6,6,2,2,6,6,2,6,6,6,6,7,7,6,1,1,7,1,1,2,6,7,20,5,2,5,4,Nurse,45,15,1,5,6,5,6,5,4,4,4,4,4,5,5,4,5,5,4,4,4,4,4,4,4,5,4,4,4,5,5,5,5,5,4,4,3,4,3,4,2,2,1,2,2,1,2,5,6,5,6,6,6,6,6,6,2,2,2,4,3,63
6,4,4,5,6,5,4,4,5,6,5,4,5,6,5,5,4,5,5,4,6,5,4,4,5,4,4,6,4,4,5,4,25,2,2,5,8,Sales Manager,40,5,6,6,4,4,6,5,4,4,3,4,4,4,3,3,4,3,3,4,3,4,4,3,4,4,3,4,4,3,4,3,4,3,4,3,4,3,5,4,6,6,4,3,2,6,3,6,4,5,5,4,3,6,5,4,5,6,5,4,2,109
7,7,1,7,7,7,7,7,7,1,7,7,1,1,6,7,1,7,7,6,6,6,6,7,1,1,7,5,1,1,7,7,10,2,2,2,8,Retail sales associate,35,5,1,6,6,1,6,1,5,4,5,4,4,5,5,4,5,5,4,5,5,4,5,5,3,4,5,5,5,5,5,5,5,5,5,5,5,5,5,5,1,1,1,1,1,1,1,7,7,7,7,7,1,2,1,2,1,1,1,1,3,114
7,7,1,7,7,6,6,7,6,1,7,7,1,1,7,6,1,7,6,7,7,7,7,7,1,2,2,3,1,1,7,6,33,1,1,4,10,Director of Operations,45,28,6,6,6,1,5,2,4,4,5,5,5,5,4,5,5,4,5,5,5,5,5,3,3,3,3,3,4,5,5,4,5,5,5,5,4,5,5,4,1,2,2,1,1,1,1,4,5,3,1,5,6,6,6,6,6,5,5,6,3,317
6,6,1,6,6,6,6,6,6,1,6,6,1,1,6,6,1,6,6,6,6,6,6,6,1,1,5,1,1,1,6,6,36,2,2,6,4,HR Benefits Manager,50,31,1,6,5,1,3,2,4,4,4,4,4,4,4,2,4,4,3,3,3,4,3,3,3,4,4,4,4,4,4,4,4,4,4,3,3,3,3,3,4,4,4,5,3,3,1,6,6,6,6,6,1,1,1,1,1,1,1,4,3,163
7,6,2,6,6,6,6,6,6,6,6,6,6,4,4,5,2,6,6,6,7,7,7,5,3,1,7,4,1,1,6,6,27,2,2,3,8,Department Manager,40,26,1,7,7,5,7,7,5,1,5,5,5,5,5,1,5,5,5,5,5,5,5,5,5,5,5,5,5,5,5,5,5,5,5,5,5,5,5,5,7,7,7,7,1,1,1,7,7,7,7,7,1,7,1,1,1,1,1,1,3,434
6,6,2,6,6,6,6,6,6,2,6,6,6,2,6,6,2,6,5,6,6,6,6,6,2,2,6,2,2,2,6,6,34,4,1,5,10,Software engineer,40,26,6,5,5,4,5,4,4,4,4,4,4,4,4,3,4,4,4,4,4,4,4,4,3,4,4,4,4,4,4,4,4,4,4,4,3,4,4,4,3,3,3,3,3,3,3,5,5,5,5,5,4,4,5,4,4,3,4,4,3,491
7,7,1,7,7,7,7,7,7,1,7,4,1,1,7,7,1,6,6,7,6,6,6,7,1,1,3,1,1,1,7,7,42,1,2,3,2,Creative writer,45,42,5,5,5,2,5,3,5,5,5,5,5,3,5,5,5,5,3,3,3,3,2,3,3,4,4,4,3,5,5,5,5,5,5,5,5,2,4,5,1,1,1,1,1,1,1,6,7,6,6,6,2,3,1,1,2,2,1,1,3,385
6,6,2,6,5,5,5,6,5,2,6,5,5,6,6,6,2,6,6,5,5,6,5,6,2,2,6,2,2,3,5,5,49,1,1,5,10,Senior manager IT,40,42,6,5,6,3,5,5,4,5,4,4,4,3,4,2,4,5,2,4,2,4,2,4,3,4,4,4,4,4,3,5,4,3,4,4,3,3,4,3,6,2,3,2,2,2,2,5,5,6,6,5,2,2,6,2,3,3,3,2,3,402
2,3,4,4,4,2,4,5,3,4,4,5,3,2,6,3,6,2,3,3,2,2,2,2,6,6,2,7,2,4,6,2,37,4,1,6,7,Director,50,25,1,4,4,3,4,3,4,4,4,4,4,4,4,3,4,3,4,5,4,4,5,4,3,4,3,3,5,5,5,5,5,5,5,5,4,3,5,3,4,3,4,2,3,2,3,5,4,5,4,6,3,3,3,4,4,2,6,5,1,203
6,6,2,5,5,5,5,6,6,2,6,5,5,2,6,3,5,3,3,4,4,4,5,3,6,6,2,6,2,2,1,1,39,1,1,5,10,Solutions Engineer (IT),45,34,6,5,6,5,5,5,4,4,4,4,4,4,5,4,4,5,4,4,4,4,4,4,4,2,2,4,3,5,4,4,4,4,4,4,3,3,4,3,3,3,3,3,3,3,3,3,5,3,3,4,5,5,6,6,7,6,6,6,2,4
6,6,2,6,6,6,6,6,6,2,6,6,6,2,5,6,2,6,6,6,6,6,6,6,2,2,6,2,2,2,6,6,35,2,2,6,10,Manager,40,25,6,7,7,6,6,5,5,4,5,4,4,4,4,4,4,4,4,4,4,4,4,4,4,4,4,4,4,4,4,4,4,4,4,4,4,4,4,4,3,5,2,2,2,5,1,5,5,5,5,5,5,5,5,5,5,1,2,2,3,344
7,6,2,7,7,7,7,7,7,1,7,7,1,1,7,7,1,7,7,7,7,7,7,7,1,1,7,1,1,1,7,7,29,2,1,4,4,Healthcare Coordinator,40,35,1,7,7,7,7,7,5,5,5,5,5,5,5,5,5,5,5,5,5,5,5,5,5,5,5,5,4,5,5,5,5,5,5,5,5,5,5,3,1,1,1,1,1,1,1,7,7,7,7,7,1,5,5,5,1,1,1,1,3,65
7,7,1,6,7,6,6,7,7,1,6,6,1,1,7,6,1,6,6,5,5,5,6,6,2,1,6,1,1,1,7,6,30,1,1,5,2,Public Relations Manager,40,23,6,6,6,2,5,3,4,2,4,5,4,5,5,2,4,3,4,4,5,4,2,4,3,4,5,4,5,5,5,4,5,4,4,5,3,3,4,4,3,3,3,5,3,3,3,5,6,5,4,5,3,3,2,6,3,1,3,2,3,387
6,6,2,5,5,6,7,6,6,2,7,6,6,1,6,7,2,7,6,4,4,5,5,6,5,5,4,2,1,2,6,6,10,4,2,6,3,Human Resources,40,4,6,6,6,3,5,2,5,5,4,4,4,5,5,3,4,5,5,5,4,5,4,3,3,4,3,3,4,5,4,4,5,4,4,4,3,4,5,3,3,7,2,1,2,3,1,5,7,5,4,6,4,7,5,5,3,3,2,1,3,430
7,7,1,7,7,6,6,7,7,1,7,7,1,1,7,6,4,5,5,6,5,5,5,7,1,2,5,3,1,1,5,5,36,1,2,5,3,Teaching Assistant,33,16,1,3,6,2,3,2,4,4,4,4,2,4,4,2,4,4,5,4,2,3,2,2,2,3,3,4,4,5,5,5,5,5,4,4,3,3,4,3,1,1,1,1,1,1,1,5,5,6,5,6,2,2,4,3,2,2,2,3,3,504
6,6,1,6,6,6,6,6,6,1,6,6,6,1,6,6,2,6,6,6,6,6,6,6,1,1,6,2,2,2,6,6,24,4,2,6,3,Instructor and Educator,40,10,1,6,6,5,6,4,4,4,4,4,4,4,4,4,4,4,4,4,4,4,4,4,4,4,4,4,5,5,5,5,5,5,5,5,4,4,5,4,3,3,3,3,3,3,3,5,6,5,5,5,5,5,5,5,4,4,4,4,3,441
6,6,5,6,6,6,6,6,6,6,6,6,6,3,6,6,3,4,6,5,5,5,6,5,4,5,5,5,5,6,6,6,34,1,2,3,4,rcs associate,40,30,5,6,6,3,6,3,4,3,3,3,4,3,4,4,4,4,2,3,3,3,2,2,3,3,3,3,5,4,5,5,5,5,3,4,3,2,1,1,1,4,4,5,5,4,4,1,1,3,1,4,2,1,1,1,1,1,1,4,2,333
7,7,1,7,7,6,6,7,6,1,7,6,1,1,2,5,3,3,3,5,5,5,4,5,2,2,3,5,1,2,6,5,12,1,1,5,8,Patient care associate,40,13,6,5,5,3,3,2,5,4,5,5,4,5,5,2,4,5,3,4,4,4,4,5,3,4,5,5,4,5,5,4,5,4,4,4,4,4,3,3,3,3,2,3,2,1,1,5,5,5,6,7,4,3,5,4,2,2,3,3,3,456
6,6,6,6,6,6,6,6,6,2,6,6,1,1,5,6,1,6,6,5,6,7,6,6,1,1,5,1,1,1,6,5,24,,1,5,9,IT admin,44,20,6,5,5,3,5,5,5,4,4,5,4,4,4,2,4,4,4,5,4,4,4,4,5,4,4,4,5,4,5,5,4,5,5,3,3,4,5,4,2,1,1,1,2,2,2,7,6,6,6,7,2,6,2,6,1,1,2,2,3,443
7,7,1,7,7,7,7,7,7,7,7,7,1,1,7,7,1,7,7,7,7,7,7,7,1,1,7,1,1,1,7,7,41,1,2,3,3,Educational Instructional Ass,40,35,1,4,7,4,1,1,5,5,5,5,5,5,5,5,5,5,5,5,5,5,5,5,5,5,5,5,5,5,5,5,5,5,5,5,3,4,4,5,1,1,1,1,1,1,1,7,7,7,1,7,1,7,4,7,4,1,1,1,3,302
6,6,6,6,6,7,6,6,3,3,6,6,1,1,6,6,3,6,5,5,3,5,6,6,3,5,2,3,1,1,6,4,34,1,1,5,1,Operations supervisor,45,27,6,6,6,4,7,5,4,3,4,4,4,4,4,2,4,4,3,3,2,2,2,4,4,4,4,4,4,5,5,5,5,4,5,3,3,3,4,4,3,1,1,2,2,2,2,6,6,7,6,6,1,1,2,1,1,1,1,1,2,577
6,5,3,3,3,3,2,1,2,6,4,3,6,2,4,2,6,2,2,4,2,2,3,5,2,2,7,4,2,2,6,2,27,1,1,5,7,Department Lead - Shipping/Re,45,23,1,5,5,2,4,3,2,2,2,3,3,4,2,5,2,2,2,3,3,4,2,3,4,4,4,4,2,4,3,3,4,2,2,1,1,2,1,1,2,2,2,3,2,2,2,2,5,1,1,5,1,1,4,1,1,4,1,2,1,102
5,6,6,6,7,6,6,5,6,2,5,6,6,2,4,5,4,5,6,2,3,5,5,6,6,5,5,5,6,2,5,5,14,1,2,5,8,insurance,40,11,6,5,6,4,5,5,5,4,5,5,4,4,5,4,4,5,4,5,5,4,4,4,3,4,4,4,4,4,5,4,4,5,4,4,5,3,4,4,3,2,3,4,3,2,2,5,6,5,6,6,7,6,6,5,6,6,5,6,2,392
6,6,6,6,6,6,6,6,6,1,6,6,1,1,6,6,1,6,6,6,6,6,6,6,1,1,6,1,1,1,6,6,45,1,2,4,9,customer care rep,30,44,5,5,6,2,5,2,4,4,4,4,4,4,4,2,4,4,4,4,4,4,3,4,3,4,4,4,5,5,5,5,5,5,5,5,4,5,4,4,2,2,2,2,2,2,2,6,5,4,3,4,2,5,5,5,6,5,5,5,3,360
6,7,1,7,6,6,6,5,5,3,6,6,2,1,6,6,1,6,7,4,4,4,5,7,1,2,3,3,2,2,7,5,39,1,2,6,3,high school English teacher,40,33,1,3,5,3,2,2,4,4,4,4,4,5,5,4,5,5,5,5,5,5,4,4,4,5,5,5,4,4,4,4,4,4,4,4,3,4,2,2,2,2,2,2,2,2,2,6,7,7,6,7,3,6,6,6,2,3,2,3,3,146
6,6,2,6,7,7,6,6,7,2,5,5,2,4,5,7,1,7,7,6,6,6,6,6,2,2,6,5,2,4,6,7,35,2,2,5,4,NURSE,40,24,1,7,6,5,6,5,5,4,5,4,4,5,5,3,4,5,4,4,4,5,4,5,3,5,4,4,4,4,5,4,4,4,2,3,3,3,3,4,5,4,4,5,5,5,4,5,6,5,5,5,3,3,4,5,3,4,3,3,3,122
5,5,3,5,5,6,6,6,5,3,5,4,2,2,6,4,6,2,2,3,3,2,2,2,7,6,3,4,3,5,3,3,6,1,1,3,9,Food Service Team Lead,41,4,1,5,5,4,5,3,4,4,4,4,4,5,4,3,4,4,4,5,4,4,4,4,3,4,4,4,4,4,4,4,4,4,4,3,3,3,4,4,4,5,5,5,5,5,5,4,5,5,4,4,5,5,5,5,3,3,3,4,2,575
6,6,3,6,6,5,5,6,5,2,5,6,3,2,5,5,3,6,5,5,5,5,6,6,3,3,5,3,2,4,6,5,44,1,1,5,10,corporate income tax,40,35,6,5,6,4,5,5,4,3,4,4,3,4,4,2,3,2,3,4,3,4,2,3,2,3,3,3,4,4,4,3,3,4,3,3,3,2,3,3,5,4,5,5,6,5,5,5,5,5,4,4,4,3,4,4,4,3,4,4,2,37
7,7,7,7,7,7,7,7,7,7,7,7,1,1,7,7,1,7,7,4,4,4,4,7,1,1,7,1,1,1,7,7,21,1,2,6,10,Communications,40,20,6,7,7,7,7,7,5,5,5,5,5,5,5,5,5,5,5,5,5,5,5,5,5,5,5,5,5,5,5,5,5,5,5,5,5,5,5,5,1,1,1,1,1,1,1,7,7,7,7,7,4,4,4,4,4,1,1,1,3,414
7,7,1,7,7,7,7,7,7,7,7,7,1,1,7,7,1,7,7,7,6,6,6,7,1,1,7,1,1,1,7,7,38,1,1,3,10,Revenue Operations Supervisor,50,35,5,6,6,1,1,1,5,5,5,5,5,5,5,4,4,5,5,5,5,5,5,4,3,4,4,4,4,5,5,5,5,5,3,4,1,5,4,4,3,4,5,4,4,3,4,3,4,4,3,4,3,4,2,3,3,3,4,5,3,240
6,6,6,6,6,6,6,6,6,6,6,6,1,1,3,5,1,4,5,5,6,6,6,6,1,1,5,1,1,1,6,6,33,1,2,4,4,senior customer coordintor,51,35,6,3,5,3,2,2,4,4,4,4,4,4,4,3,4,4,4,4,5,5,2,2,2,2,2,2,4,4,4,4,4,4,3,,4,4,4,4,3,1,1,1,1,1,1,6,6,6,6,6,6,6,6,5,3,2,2,2,3,429
6,6,1,6,6,6,6,6,6,6,6,6,6,1,6,6,2,6,6,1,1,6,6,6,1,1,6,5,2,2,5,2,26,1,2,2,8,customer service rep,40,25,1,6,6,6,6,6,4,4,4,4,4,4,4,2,4,4,4,4,4,4,4,4,4,4,4,4,5,5,5,5,5,5,5,5,5,5,5,5,6,6,6,6,6,6,6,6,6,6,6,6,6,6,6,6,6,6,6,7,2,552
7,7,1,7,7,7,7,7,7,1,7,7,7,1,7,7,1,7,7,7,7,7,7,7,1,1,7,1,1,1,7,7,28,1,2,6,3,Director,40,25,1,4,5,1,1,1,5,5,5,5,5,5,5,3,4,4,5,5,5,5,5,5,3,5,5,5,5,5,5,5,5,5,5,5,3,5,5,5,3,3,3,2,1,1,1,7,7,7,7,7,7,7,5,5,1,1,1,1,3,181
6,5,3,6,5,2,2,3,2,6,4,5,1,2,5,3,6,3,2,1,1,2,4,1,7,1,7,5,1,2,4,1,33,1,2,2,4,Insurance Specialist,40,30,5,6,6,4,6,5,4,3,4,3,3,4,4,5,5,4,5,4,3,4,3,2,2,4,2,3,4,5,5,5,5,5,5,4,4,3,3,2,1,1,1,1,1,1,1,5,4,4,4,4,5,4,4,4,5,4,5,6,2,189
7,7,1,7,7,7,7,7,7,1,7,7,1,1,7,7,2,6,6,7,7,7,7,7,1,1,7,1,1,1,7,7,42,1,2,5,4,Healthcare office manager,40,40,6,7,7,5,6,2,5,5,5,5,5,5,5,4,5,5,5,5,5,5,5,4,3,4,4,4,5,5,5,5,5,5,4,4,4,3,4,3,3,3,3,3,3,3,3,7,7,7,6,6,3,3,3,3,2,1,3,3,3,132
6,5,3,5,5,5,5,5,5,3,5,5,3,3,5,6,3,5,5,5,5,5,5,5,3,1,6,3,2,3,6,6,30,1,2,6,4,Social Work,40,25,1,6,6,5,4,2,4,4,4,4,4,4,4,2,4,4,4,4,4,4,4,2,2,2,2,3,3,4,4,4,4,4,3,4,3,2,2,3,3,3,3,3,3,3,3,2,6,6,6,2,2,2,2,2,4,6,6,6,2,337
6,6,2,6,6,5,5,6,6,1,7,7,1,1,6,6,3,5,5,5,5,5,5,6,2,2,7,2,1,2,6,6,24,,2,6,10,Senior Consultant,40,18,5,7,6,5,5,3,4,4,5,4,4,5,5,4,4,5,4,4,4,4,4,2,4,4,4,4,5,5,5,5,5,5,4,4,4,3,3,4,6,6,6,6,3,6,3,5,5,5,6,6,3,4,4,5,6,2,2,6,3,79
6,1,7,1,1,1,1,1,1,7,1,1,4,4,3,1,7,1,1,4,5,5,5,1,1,1,7,1,1,1,1,1,29,,2,3,10,Chef,40,20,1,1,1,1,1,1,5,5,5,5,5,5,5,5,5,5,2,3,3,2,2,2,2,2,2,2,5,5,5,5,5,5,3,4,3,3,3,2,1,1,1,1,1,1,1,7,7,7,7,7,1,1,7,4,2,2,2,2,1,327
7,7,1,6,6,7,7,7,7,1,7,7,1,1,7,7,3,6,6,5,5,6,5,5,2,4,4,5,1,1,3,4,29,4,2,5,8,E-commerce specialist,40,22,6,6,6,2,3,2,4,4,4,4,4,4,4,2,3,3,3,4,4,4,3,3,4,4,4,4,5,4,4,4,4,4,4,4,4,4,4,4,6,7,6,6,5,5,5,7,7,6,6,6,5,5,5,5,4,4,3,3,3,571
6,7,1,7,7,7,7,7,7,1,7,7,1,1,7,7,1,7,7,6,6,7,5,7,1,1,7,2,1,2,7,7,33,1,1,4,5,Program Manager,45,30,5,6,6,5,6,4,5,5,5,5,5,5,5,5,5,5,5,5,4,4,4,4,4,4,4,5,4,5,4,4,5,4,4,5,3,3,2,3,4,4,3,3,3,3,3,6,5,6,5,5,3,4,5,4,4,3,4,4,3,35
7,7,1,7,7,6,6,7,6,1,7,7,1,1,7,7,1,7,7,6,6,6,6,7,1,1,1,1,1,1,7,6,26,1,2,2,8,general manager,40,26,6,6,7,5,6,2,5,5,5,5,5,5,5,5,5,5,4,4,4,4,4,2,3,4,4,5,5,5,5,5,5,4,5,5,5,4,4,5,2,2,2,2,2,2,2,7,7,7,6,7,7,6,7,6,1,1,1,1,3,533
6,6,4,4,6,4,4,4,4,4,6,6,2,2,6,4,6,2,2,4,6,4,4,6,5,2,6,2,2,4,4,4,34,1,2,3,10,court clerk,40,32,1,4,4,4,4,4,3,3,3,3,3,4,4,2,4,4,4,3,3,3,3,3,3,4,4,4,4,5,5,4,4,5,3,3,3,2,3,1,1,2,2,2,2,2,2,5,5,5,4,4,1,1,1,1,4,1,4,4,2,279
7,6,1,1,7,6,7,7,6,1,6,4,1,1,5,6,3,6,6,7,7,7,7,5,2,2,6,2,1,4,7,6,50,,2,6,10,Senior Computer Programmer,55,47,1,6,7,1,6,5,4,3,3,4,3,4,4,4,4,4,5,5,4,4,4,4,4,3,4,4,5,5,5,5,5,5,5,5,3,3,2,2,4,2,2,2,1,1,1,7,7,7,7,7,4,4,5,5,7,1,4,4,3,244
6,6,6,6,6,6,6,6,6,2,6,6,6,2,6,6,2,6,6,6,6,6,6,7,2,2,6,2,2,2,6,6,21,1,2,4,10,Deputy county clerk,40,23,1,6,6,2,5,2,4,4,4,4,4,4,4,2,4,4,4,4,4,4,4,4,4,4,4,4,4,5,5,5,5,5,4,4,4,4,4,4,3,3,3,3,3,3,3,5,6,6,6,5,3,5,6,3,3,3,5,3,3,111
6,5,2,6,6,6,6,5,5,2,6,5,1,1,4,5,3,5,4,6,6,6,7,7,1,1,7,1,1,1,5,6,13,,2,5,10,Receptionist,40,12,1,6,6,5,3,3,4,4,4,2,2,5,4,2,4,5,2,4,4,4,2,1,1,2,1,2,4,4,4,4,5,3,3,3,2,3,3,2,5,6,6,6,7,7,6,1,1,1,1,1,1,1,1,2,5,4,6,6,3,517
6,6,2,6,6,5,5,6,5,3,5,5,6,2,5,3,5,3,2,5,5,6,5,3,5,3,5,6,3,5,6,3,23,,1,4,10,senior mortgage loan processo,42,21,6,6,6,3,5,5,4,4,4,3,4,5,4,2,4,5,5,4,4,5,5,3,3,4,4,4,4,4,4,4,4,3,3,3,3,2,3,3,6,5,3,5,5,3,5,5,6,6,2,2,6,6,5,6,6,2,6,6,2,143
6,5,6,5,5,5,5,5,5,2,5,5,5,2,5,5,3,6,6,6,6,2,6,6,6,2,2,3,2,2,6,5,15,1,2,2,8,Sales Manager,40,10,1,5,5,5,6,6,4,4,4,4,4,4,4,4,4,4,4,4,4,4,4,4,4,4,4,4,4,4,4,4,4,4,5,5,5,4,4,5,5,5,5,3,3,3,5,3,5,3,5,5,5,5,5,5,3,3,5,5,2,88
6,6,2,6,6,6,6,6,6,2,6,6,2,2,6,6,2,6,6,6,6,6,6,6,2,2,6,2,2,2,6,6,17,1,2,5,4,Registered Nurse,40,6,5,5,6,2,5,2,4,4,4,4,4,4,4,4,4,4,4,4,4,4,4,4,4,4,4,4,5,5,5,5,5,5,4,5,4,4,4,4,3,3,3,3,2,2,2,5,5,5,5,5,5,5,3,3,5,2,2,5,3,350
6,6,2,7,6,5,6,2,5,5,7,6,2,1,7,7,2,6,6,4,3,4,4,4,2,1,7,5,1,1,5,1,21,1,1,5,1,IT Technical Support Speciali,45,12,6,6,5,4,5,4,4,2,4,5,4,5,5,3,4,4,2,4,4,4,5,4,3,4,2,2,3,5,3,4,4,5,3,4,3,2,2,3,3,3,3,3,1,1,1,5,2,3,5,3,1,1,1,1,1,1,1,1,2,318
2,1,2,2,2,2,1,2,2,2,1,2,2,5,3,2,5,2,2,5,6,5,4,4,4,5,3,2,5,4,2,2,19,1,1,6,3,Teacher,40,13,1,7,7,4,7,6,2,1,1,1,2,1,1,1,1,1,3,1,1,2,1,3,3,3,3,3,4,4,4,4,4,4,3,3,3,3,3,3,5,6,6,5,5,5,5,4,5,5,2,5,4,4,4,5,4,4,4,4,1,53
6,5,2,5,4,5,5,6,5,3,6,6,2,2,6,4,4,4,3,6,6,6,6,5,4,2,5,2,3,5,5,5,12,1,2,5,4,Customer Experience Agent.,40,10,5,5,6,5,5,5,4,4,4,4,4,4,4,4,4,4,4,4,4,4,4,3,4,4,4,4,3,4,5,5,5,5,3,5,3,1,2,3,3,1,1,1,1,1,1,3,4,2,3,2,1,2,1,3,3,3,3,3,2,12
6,6,3,6,6,5,5,6,6,2,5,5,2,2,5,5,4,4,4,6,4,4,4,4,5,5,2,5,2,4,4,2,37,1,2,5,3,teacher,35,30,1,6,6,5,6,6,3,3,3,3,3,4,4,3,3,3,3,3,2,2,3,4,3,4,4,4,5,5,5,5,5,5,5,5,4,5,2,4,1,4,3,3,3,3,3,5,5,5,5,4,1,1,1,1,4,1,4,4,2,223
5,5,3,6,5,5,5,4,4,2,5,6,2,2,6,5,3,5,5,5,3,4,5,3,4,6,3,5,2,2,4,3,21,2,2,6,10,claims specialist,40,19,1,5,5,3,4,5,4,4,5,5,4,4,4,2,4,4,3,4,4,4,4,4,3,5,4,4,5,5,5,4,4,4,3,3,2,4,4,4,3,2,2,2,2,2,1,5,6,5,5,6,5,5,4,5,5,4,4,5,2,376
6,6,2,6,6,6,6,5,5,3,6,6,2,2,6,6,3,5,5,6,4,5,5,5,3,2,5,2,2,3,6,4,40,1,1,6,9,IT Manager,40,32,1,5,5,5,4,3,4,4,4,3,3,5,4,3,4,4,3,3,4,4,3,5,3,4,4,4,2,4,3,4,4,3,3,3,4,3,4,3,6,6,5,4,5,6,6,5,4,5,4,4,4,4,5,4,3,3,3,4,3,150
6,6,2,6,7,7,7,6,6,1,7,6,1,1,7,7,1,7,7,7,7,7,7,7,1,1,7,1,1,1,7,7,9,,2,3,8,Sales Associate,40,3,1,7,6,3,5,3,4,4,4,5,4,5,4,4,5,4,2,2,4,4,1,4,5,5,5,5,4,4,4,4,4,3,3,3,5,3,3,4,7,6,6,7,7,7,7,3,2,3,1,3,7,5,7,3,7,7,7,7,3,368
7,7,4,7,7,7,7,7,7,7,7,7,7,1,4,4,7,4,7,7,7,7,7,7,7,7,7,7,7,7,7,7,10,1,1,5,2,Software engineer,40,5,6,4,7,7,7,7,5,5,5,5,5,5,5,5,5,5,5,5,5,5,5,5,5,5,5,5,5,5,5,5,5,5,5,5,5,5,5,5,7,7,7,7,4,7,7,7,7,7,7,7,7,7,7,7,7,7,7,7,2,124
7,7,1,7,7,7,7,7,7,1,7,7,1,1,7,7,1,7,7,6,7,7,6,6,2,1,7,1,2,1,7,7,17,1,2,5,3,compliance coordinator,40,15,5,5,5,1,3,3,5,5,5,5,5,5,5,3,5,4,5,5,5,4,4,4,2,4,3,4,5,5,5,5,5,5,5,5,4,4,4,4,6,5,5,6,4,4,3,2,2,2,2,2,1,1,5,6,4,3,3,4,3,41
6,5,1,6,6,5,5,6,6,3,7,6,1,2,7,5,6,3,6,2,5,5,5,3,6,3,3,6,2,3,6,4,40,1,1,5,9,Finance,60,33,6,5,6,5,5,6,4,2,4,5,4,5,5,2,2,4,4,3,3,3,3,4,4,4,4,4,4,5,5,5,5,5,5,4,5,5,3,4,3,3,5,3,3,3,1,7,5,7,5,7,4,2,2,2,1,2,3,4,2,355
5,5,3,5,4,5,5,5,5,3,4,3,5,5,4,3,6,2,2,6,6,6,6,3,5,5,2,3,4,3,3,2,49,1,2,2,9,HOSPITAL CAFETERIA WORKER,36,46,1,5,5,4,5,4,4,4,5,3,4,5,4,4,5,4,4,4,3,4,4,3,3,4,3,4,4,5,5,5,5,4,3,4,3,3,3,2,2,3,2,2,2,2,3,4,2,2,4,2,3,2,6,4,6,5,5,5,2,303
6,6,2,6,5,5,5,3,3,6,6,7,2,2,7,7,2,6,6,3,5,3,3,6,2,2,6,3,2,2,6,6,34,1,1,6,9,government employee,40,24,1,2,5,1,2,3,4,4,5,5,4,5,5,2,5,5,4,4,2,4,2,3,4,4,4,4,4,4,3,3,4,4,3,3,2,5,3,2,2,3,3,6,6,5,3,5,6,5,5,5,2,6,5,5,6,3,5,6,3,204
6,6,2,6,6,6,6,6,6,2,6,5,2,2,5,5,2,6,5,5,6,6,6,6,2,2,6,2,2,2,6,6,18,2,1,3,3,Program Manager,40,15,6,5,5,2,3,2,5,5,5,5,5,5,5,4,5,5,4,5,4,4,4,4,4,5,5,5,4,5,5,4,4,5,3,3,2,2,2,2,3,3,2,2,3,3,3,5,5,5,5,5,5,5,5,3,3,3,3,3,3,311
7,7,1,7,7,7,6,7,6,1,6,5,1,1,6,6,2,6,6,7,6,5,6,6,1,2,6,2,1,1,6,5,32,1,1,3,10,team lead/DevOps,45,31,6,5,7,5,5,3,5,5,5,5,5,5,5,4,5,5,4,4,4,5,4,4,4,5,5,5,5,5,5,5,5,5,5,5,4,4,3,5,2,1,1,1,1,1,1,6,7,6,3,6,6,6,6,6,2,2,2,6,3,281
7,7,7,7,7,7,7,7,7,7,7,7,7,7,7,7,7,7,7,7,7,7,7,7,1,1,7,1,1,1,7,7,39,1,1,6,7,manager,35,16,6,5,7,3,5,3,5,5,5,5,5,5,5,5,5,5,5,5,5,5,5,5,5,5,5,5,5,5,5,5,5,5,5,5,5,5,5,5,1,1,1,1,1,1,1,7,7,7,7,7,1,1,1,1,1,1,1,1,3,39
6,1,7,6,6,6,5,5,1,1,5,1,1,1,5,4,1,6,6,6,1,1,6,1,7,7,1,7,1,1,1,1,33,1,2,3,8,Resolution Specialist Risk,42,22,5,5,7,5,7,6,4,4,4,4,4,4,5,5,5,3,1,4,3,3,2,2,5,5,5,5,4,5,5,5,5,5,4,4,4,3,4,5,7,6,5,7,6,6,6,7,7,7,6,7,7,7,6,4,3,3,5,5,2,322
6,6,3,6,6,6,6,6,6,6,6,6,2,2,6,6,2,6,6,6,6,6,6,6,2,2,6,2,2,2,6,6,10,1,2,5,4,Medical Student,12,3,1,4,5,4,3,3,5,5,5,5,5,5,5,5,5,4,5,5,5,5,2,4,5,5,5,5,4,4,4,5,5,4,4,4,4,4,4,4,5,7,5,7,5,5,5,6,6,6,6,6,2,5,6,6,2,2,2,2,3,515
7,7,1,7,7,7,7,7,7,1,7,7,1,1,6,7,1,6,6,6,6,6,6,6,1,1,6,1,1,1,6,6,28,1,2,4,4,Senior Account Manager,40,25,5,6,6,4,6,2,4,2,2,3,3,4,4,2,4,5,3,3,3,3,4,3,2,4,4,4,3,4,4,4,4,4,3,3,4,3,4,4,3,3,3,6,3,3,3,5,5,5,6,5,4,5,6,6,5,5,3,3,3,548
6,5,2,6,5,6,5,5,5,4,5,4,5,4,3,3,4,5,3,3,2,2,5,6,6,3,7,1,3,1,4,2,31,1,1,4,10,Forklift Operator,40,20,1,5,6,4,5,6,4,2,4,4,5,5,4,3,4,2,4,4,4,5,3,2,2,4,3,3,3,5,5,4,5,5,4,4,5,4,4,5,3,2,5,3,2,3,2,7,6,7,6,6,7,5,7,6,2,2,1,5,2,407
6,5,3,5,5,5,5,5,5,3,6,5,2,2,4,5,2,5,5,4,4,4,5,5,2,2,5,4,4,2,4,4,31,1,2,6,3,teacher,40,26,1,5,5,4,4,4,4,4,4,4,4,4,4,3,4,5,4,4,4,4,4,4,3,4,4,4,5,5,4,4,5,4,5,4,3,4,4,4,3,3,3,3,3,3,3,5,5,5,4,5,4,5,4,5,5,4,4,4,2,297
6,6,2,6,6,6,6,6,6,2,6,6,2,2,6,6,2,6,5,5,4,4,4,6,2,2,5,3,2,2,6,4,38,1,2,5,3,Reading Interventionist,40,35,1,5,5,3,3,2,4,4,4,3,3,5,4,3,4,3,4,4,4,4,2,4,3,4,4,4,5,5,5,5,5,5,4,4,3,3,2,3,3,3,3,3,3,1,1,3,4,4,3,4,1,3,1,3,4,4,4,4,3,419
6,6,6,6,6,6,6,6,6,6,6,6,6,6,6,6,5,5,5,5,5,5,5,5,1,4,6,6,2,6,6,6,26,2,1,6,9,portfolio manager,40,13,6,6,6,6,6,3,4,4,4,4,4,4,4,4,4,4,4,4,4,4,4,4,4,4,4,4,5,5,5,5,5,5,5,5,5,5,5,5,1,1,1,1,1,1,1,6,6,6,6,6,6,6,6,2,2,2,2,2,2,479
7,6,2,6,6,6,6,5,6,1,7,6,6,6,5,6,6,6,6,3,5,6,4,6,5,6,5,6,5,6,6,5,50,1,2,6,8,Safety officer,8,9,6,7,6,5,7,2,5,4,4,5,4,4,4,2,4,3,4,4,5,4,4,5,4,5,4,4,5,5,5,5,5,4,4,4,4,4,4,5,6,5,6,5,5,6,6,6,5,5,6,6,5,6,6,6,5,6,5,3,2,265
6,6,6,6,6,6,6,6,6,2,5,5,2,2,6,5,2,5,5,5,6,5,5,5,2,2,5,4,2,4,5,5,17,1,1,2,7,resistance welder,20,10,1,6,6,5,5,4,4,4,5,5,5,5,5,3,5,4,3,3,4,4,4,4,3,4,4,4,5,5,5,5,5,5,5,5,5,5,5,5,3,3,3,3,3,3,3,6,6,6,5,5,3,4,4,4,3,3,4,4,2,28
6,7,2,7,7,6,6,6,5,2,6,6,6,1,5,6,3,6,5,6,6,6,5,6,3,2,7,2,1,2,5,6,14,2,1,4,3,Testing Technician at a local,40,3,1,3,6,3,5,6,5,4,4,4,4,5,4,4,5,4,4,4,2,4,4,4,2,5,5,4,5,5,5,5,4,4,3,4,3,3,2,2,3,1,3,1,1,1,1,6,5,6,5,6,5,5,2,5,2,2,2,2,3,393
7,6,2,6,7,6,6,6,7,1,6,6,6,1,6,6,5,3,3,4,4,4,3,4,1,1,7,6,4,4,3,2,54,1,2,5,3,Paraprofessional,32,21,1,7,6,5,7,3,4,4,4,4,4,5,5,4,5,4,4,4,4,4,2,3,4,4,4,4,5,5,5,4,4,4,5,5,5,3,3,3,1,3,3,3,3,2,2,6,7,7,4,5,3,5,5,3,3,1,2,5,2,275
5,6,6,6,6,5,6,6,6,6,6,6,2,2,5,6,3,5,5,7,6,6,6,6,6,5,3,3,2,2,6,6,24,1,1,3,8,sales executive,40,20,6,6,6,2,2,2,4,4,5,4,4,4,4,5,4,5,4,4,4,4,4,4,4,4,4,4,4,4,4,4,4,4,4,4,3,3,4,4,7,6,7,7,6,6,6,2,5,3,5,2,2,2,5,4,2,2,5,5,2,435
7,7,1,6,6,6,6,6,6,2,7,6,1,1,6,6,2,6,6,6,6,6,6,7,2,2,5,3,2,2,6,5,29,1,1,6,3,Librarian,40,21,6,3,5,4,3,4,4,4,4,4,4,4,4,2,4,4,4,4,4,4,3,4,4,4,4,4,3,3,4,4,2,4,4,3,3,4,2,2,3,3,3,3,3,3,3,7,7,7,7,7,4,3,5,7,2,2,2,2,3,180
6,6,2,6,6,6,6,6,6,2,6,5,2,5,5,5,3,5,4,5,5,5,6,5,6,2,7,3,2,4,4,4,35,1,2,6,3,Assistant Principal,40,33,1,6,7,6,7,5,4,4,4,4,4,4,5,4,4,4,4,4,4,5,4,3,4,4,3,4,5,5,5,5,5,5,4,4,4,3,2,2,3,3,3,4,3,3,2,5,5,4,5,5,3,5,1,1,4,3,3,3,2,426
6,3,5,2,3,1,1,1,1,1,1,1,5,7,1,5,7,5,2,7,7,7,7,5,7,7,1,7,7,7,1,1,21,1,2,5,6,supervisor in government,50,17,1,7,6,7,5,6,3,4,4,3,2,4,4,2,4,3,4,4,5,4,4,4,5,5,5,4,5,5,4,5,4,3,3,4,4,4,5,4,5,3,2,5,3,3,3,5,6,5,5,6,3,5,6,5,3,3,3,5,1,138
6,6,5,6,6,5,5,5,5,5,6,6,5,5,6,6,4,4,5,5,6,5,4,4,5,5,4,5,5,6,4,4,17,1,1,5,8,sales manager,40,13,5,5,4,4,5,2,4,4,4,3,3,3,4,4,4,4,3,4,4,3,3,4,4,4,4,4,4,4,4,4,4,4,4,4,4,4,4,4,3,4,5,5,4,5,5,3,4,4,4,3,3,4,4,4,4,4,4,5,2,287
7,7,1,7,7,7,7,7,7,1,7,7,1,1,7,7,3,7,7,6,6,6,6,6,2,2,4,2,1,1,7,7,19,1,1,5,4,senior Clinical Research Coor,40,20,6,5,6,4,3,2,5,4,5,5,4,5,5,3,3,4,5,5,5,5,4,4,5,4,4,4,4,5,5,4,5,5,4,4,3,4,4,4,6,6,4,3,2,2,2,5,5,5,7,5,2,2,4,6,3,3,6,4,3,457
6,5,3,5,5,5,5,5,5,3,6,6,2,3,5,6,3,5,5,7,6,6,6,6,3,5,3,3,2,5,6,6,30,1,1,5,10,Business process analyst,50,24,6,6,6,7,6,5,4,4,4,4,4,4,4,4,3,3,4,4,4,4,4,4,4,4,4,4,4,5,5,5,5,5,4,4,3,4,2,3,4,4,5,5,5,5,5,5,6,6,6,6,6,6,6,6,3,3,3,4,2,242
6,6,1,6,6,6,6,6,6,1,6,6,1,1,6,6,1,6,6,6,6,6,5,6,2,2,6,2,2,2,6,6,33,1,2,4,5,HR Manager,45,30,1,5,6,3,5,3,4,4,4,4,4,4,4,4,4,4,4,4,4,4,4,4,3,4,4,4,5,5,5,5,5,5,5,5,4,3,5,3,3,3,3,3,3,3,3,5,5,5,5,5,5,5,5,5,5,5,5,5,3,388
6,6,1,6,6,6,6,6,6,1,6,6,6,1,6,6,2,6,4,5,5,5,4,6,2,3,5,1,1,1,6,6,31,4,1,6,4,manager,40,17,6,5,5,4,5,3,5,4,4,5,4,5,5,4,5,3,4,4,4,4,4,4,4,5,4,4,4,5,4,4,4,4,3,4,2,4,4,4,6,5,5,5,4,4,4,5,6,6,6,6,6,5,6,6,4,5,7,6,3,555
5,5,3,5,4,5,4,2,3,6,4,5,5,4,5,4,5,3,6,4,4,2,5,5,4,7,7,3,5,2,4,5,12,1,1,6,6,Lawyer,30,5,6,5,4,3,2,6,4,2,4,2,5,3,2,4,2,5,3,2,4,2,4,3,3,2,3,3,4,3,4,5,3,4,4,5,2,3,3,3,3,5,4,6,3,4,7,6,5,6,4,5,3,5,4,6,3,4,5,4,2,338
6,5,4,5,5,2,6,3,4,5,3,2,6,6,2,3,6,2,2,4,5,5,5,3,6,6,2,3,5,6,2,1,40,1,2,6,10,Quality Assurance Coordinator,40,37,6,5,6,5,5,5,4,4,5,5,4,5,5,4,5,4,5,5,5,5,5,4,3,4,4,4,4,4,4,4,5,4,4,4,3,4,4,3,3,3,3,3,2,2,2,7,7,7,6,6,1,5,6,6,2,2,2,3,1,175
7,5,3,6,6,5,5,5,6,2,6,6,1,2,6,6,1,6,6,6,5,6,6,5,2,2,6,2,2,2,6,6,10,5,1,6,4,Associate Marriage and Family,36,5,6,6,7,7,7,7,4,5,5,5,5,5,5,4,5,5,4,4,5,4,2,2,4,4,5,5,4,5,5,4,5,4,5,4,4,4,5,4,3,2,3,3,3,2,3,7,7,7,6,7,2,2,3,2,1,1,1,1,3,141
5,5,4,5,5,5,3,3,2,3,4,4,3,6,2,4,4,5,5,2,3,3,3,5,4,1,7,2,3,2,5,5,19,1,1,2,10,electrical supervisor,45,21,1,4,5,3,5,4,4,4,3,5,4,4,4,2,4,5,1,2,2,2,1,5,5,5,4,4,5,4,4,4,4,4,4,5,4,5,5,5,3,4,2,3,3,2,2,6,7,5,6,5,1,5,7,7,2,4,2,2,2,578
6,3,7,3,1,4,2,1,2,7,1,5,7,6,5,5,4,4,5,7,5,5,4,4,2,3,5,4,3,6,4,5,16,4,1,6,10,Scientist,20,5,1,6,6,4,4,4,4,5,5,3,3,4,4,2,3,3,3,4,5,3,4,3,3,2,2,2,5,4,5,5,5,3,4,4,5,5,5,4,5,4,4,5,3,4,4,4,5,5,7,5,4,6,5,5,4,2,2,2,1,528
6,5,6,6,5,5,6,5,6,6,6,6,5,6,6,5,5,6,5,5,5,5,6,5,2,3,3,3,3,3,6,3,19,4,1,6,8,demand planner,40,12,6,3,5,2,3,2,4,4,4,4,4,4,4,2,4,4,4,4,4,4,4,4,4,4,4,4,4,4,4,4,4,4,4,4,4,4,4,4,2,2,2,2,2,2,2,6,5,6,5,6,6,6,5,6,6,6,5,5,2,395
5,5,5,5,5,5,5,5,5,5,5,5,5,2,5,5,2,5,5,5,2,4,5,5,2,2,6,2,2,2,5,5,17,1,2,2,6,legal biiliing,37,15,1,5,5,3,5,3,4,4,4,4,4,4,4,4,4,4,4,4,4,4,4,4,4,4,4,4,3,4,4,4,4,4,3,2,3,3,3,4,3,5,5,5,5,5,5,5,5,5,5,5,5,5,5,5,5,5,5,5,2,249
7,7,1,7,7,7,7,7,7,1,7,7,1,1,7,7,2,7,7,6,6,6,6,7,1,1,7,1,1,1,7,7,36,2,2,5,3,TEACHER,40,23,1,7,7,4,7,5,5,5,5,5,5,5,5,5,5,5,5,5,5,5,5,5,5,5,5,5,5,5,4,4,5,5,4,4,4,4,5,4,2,2,2,2,3,2,2,5,7,6,3,6,2,5,5,6,5,6,6,5,3,278
6,4,5,4,4,3,3,4,3,5,4,4,4,5,4,3,6,3,3,2,4,4,5,2,5,6,4,5,6,6,3,2,32,1,2,5,10,COO,50,31,1,3,5,6,5,5,4,4,4,4,5,5,5,2,4,4,3,4,4,4,4,4,3,4,4,4,4,5,5,4,4,4,4,4,4,3,3,4,4,5,5,6,4,4,4,5,5,5,6,5,4,4,6,4,4,4,4,2,1,245
1,1,7,1,1,1,1,1,1,7,1,1,1,7,1,1,1,1,1,1,1,1,1,1,4,6,2,7,4,7,1,1,19,1,1,6,4,Cyber Security Engineer,40,20,5,4,5,4,2,2,2,2,2,4,3,5,5,5,5,4,4,4,4,4,4,4,5,4,5,5,4,5,5,5,5,5,5,5,3,4,5,5,3,3,4,3,3,3,3,6,7,7,7,7,6,6,7,7,2,1,1,1,1,176
6,5,2,5,5,4,4,5,4,3,5,5,2,2,5,4,5,5,5,5,4,4,5,4,5,3,5,6,2,2,4,3,43,1,2,6,10,Librarian,40,40,6,3,4,5,5,4,4,4,4,3,3,3,4,2,4,4,3,3,3,3,3,3,3,4,4,4,3,4,4,4,4,4,4,3,3,3,3,4,2,2,2,2,2,2,2,3,4,3,3,4,3,3,4,4,5,5,5,5,2,432
6,1,6,3,2,1,1,1,1,7,1,1,7,7,1,1,7,1,1,1,2,2,2,5,2,2,6,7,4,4,1,1,28,1,1,5,8,Retail manager,40,22,1,6,6,6,6,7,2,2,4,4,2,4,4,4,4,4,2,4,4,4,2,2,2,4,2,2,4,4,4,4,4,3,3,3,3,2,3,3,3,5,5,5,5,5,5,1,1,1,1,1,6,5,6,5,7,7,7,7,1,487
7,6,2,6,6,6,6,6,6,2,6,6,2,2,6,7,2,6,6,2,5,6,6,6,2,3,6,2,1,2,6,6,41,1,2,5,10,Adminstrative Assistant,40,38,1,5,5,6,5,6,4,4,4,3,4,4,4,3,4,5,4,4,4,4,4,4,4,5,5,5,4,5,5,4,4,5,4,5,3,4,5,3,2,2,4,4,2,2,3,6,6,6,6,6,5,5,6,6,2,2,2,2,3,263
6,6,6,6,6,6,6,6,6,6,6,6,6,6,6,6,2,6,6,4,1,5,4,7,2,2,5,2,2,2,6,5,23,1,1,5,3,Technology Director,45,22,1,5,6,2,3,2,4,4,4,4,4,4,4,3,5,3,4,4,4,4,4,4,3,4,4,4,4,4,5,5,5,4,4,4,4,4,4,4,3,3,3,3,3,3,3,5,5,5,5,5,5,5,4,5,4,3,4,4,2,284
6,6,2,6,5,5,5,6,5,2,6,5,2,2,6,2,3,5,5,6,6,6,6,5,2,2,6,2,2,3,6,5,39,1,2,5,2,Administrative support,40,30,6,5,6,3,5,3,4,4,5,4,4,5,4,3,4,4,4,4,4,4,4,4,3,4,4,5,5,5,5,5,5,5,5,5,4,3,4,4,6,6,5,6,4,6,3,5,5,6,6,6,3,3,4,3,2,3,4,6,3,19
7,7,1,6,7,7,7,7,7,1,5,6,6,1,7,7,1,7,7,7,7,7,7,5,2,1,7,1,1,1,7,7,19,1,1,6,2,IT Manager,42,15,6,7,7,6,6,6,5,5,5,5,4,5,5,5,5,5,5,5,5,5,5,5,3,4,4,5,5,5,5,5,5,4,4,4,3,4,4,4,5,2,1,2,2,1,1,7,7,7,7,7,7,4,5,5,4,1,4,4,3,455
6,6,2,6,6,6,6,6,6,2,5,6,2,2,6,6,3,5,5,5,6,5,6,6,2,2,5,2,2,2,6,6,33,1,1,5,10,Journslist,50,26,5,5,6,5,6,3,4,4,4,4,4,4,4,4,4,4,4,5,4,5,4,3,3,4,4,4,4,5,5,5,5,5,3,4,4,3,3,3,3,3,3,3,3,3,3,5,5,5,5,5,3,5,5,5,5,3,5,4,3,449
7,7,5,6,6,5,5,5,6,3,6,6,2,1,6,5,3,5,5,6,6,6,4,2,5,3,7,3,5,5,6,6,11,1,1,5,2,Production Assistant,40,10,6,5,5,2,4,2,4,4,4,3,3,5,5,4,5,4,5,5,3,4,4,4,3,5,2,3,4,5,4,5,5,3,4,2,3,3,4,4,4,3,4,3,2,2,2,5,3,4,5,5,1,3,3,2,3,3,5,6,2,526
7,7,7,7,7,7,7,7,7,7,7,7,1,2,7,7,1,7,7,7,7,7,7,7,1,1,7,5,1,6,6,6,34,1,1,6,10,FINANCIAL MANAGER,35,25,1,4,6,4,5,4,5,3,4,4,5,4,3,4,3,5,3,5,4,4,4,3,4,4,3,4,5,5,5,5,5,5,5,5,1,5,5,5,5,5,5,5,1,5,1,6,6,6,6,6,6,6,6,6,6,6,6,7,3,409
7,7,1,7,7,7,7,7,7,1,7,6,1,1,7,7,1,7,7,6,6,6,6,7,1,2,5,1,1,1,7,7,18,1,2,6,4,occupational therapist,35,13,6,7,7,2,6,1,5,5,5,5,5,5,5,4,5,5,5,5,5,5,4,5,5,5,5,5,5,5,5,5,5,5,4,5,4,5,5,5,2,1,1,1,3,1,1,7,7,7,7,7,5,7,5,7,2,1,2,1,3,179
6,6,1,6,7,6,6,6,6,6,6,5,5,1,6,6,1,7,6,7,6,6,6,7,1,1,6,6,6,1,6,6,48,1,2,6,9,Computer Engineer,38,33,1,7,6,2,7,3,5,4,5,4,5,4,5,5,5,5,5,4,5,4,5,4,5,4,5,4,4,3,4,5,4,3,4,4,5,4,4,5,7,6,6,6,7,6,7,7,6,7,6,7,6,6,6,6,7,6,7,6,3,476
7,7,1,7,7,7,7,7,7,1,7,7,1,1,7,7,7,7,7,7,7,7,7,7,1,1,7,6,1,1,7,7,26,1,2,6,9,Event Coordinator,30,22,6,6,7,6,6,7,5,5,5,5,5,5,5,5,5,5,5,5,5,5,5,5,5,5,5,5,5,5,5,5,5,5,5,5,5,5,5,5,2,2,1,1,1,1,1,7,7,7,7,7,1,3,5,5,1,1,1,1,3,308
7,7,1,7,7,7,7,7,7,1,7,6,1,1,7,5,4,5,4,4,4,4,4,5,1,1,7,1,1,4,7,3,39,5,2,5,1,Office Manager,40,33,1,3,5,1,1,1,5,4,4,4,4,4,4,2,3,3,3,3,2,3,3,3,3,4,4,4,5,5,5,5,5,5,5,4,3,3,3,2,1,1,1,1,1,1,1,5,5,5,5,2,1,1,2,1,4,2,2,4,3,375
7,6,2,6,7,7,6,6,7,2,6,4,2,2,6,7,1,6,6,5,2,4,6,5,4,1,7,2,2,1,6,7,15,1,1,5,4,Formulation scientist,55,10,1,7,6,5,7,6,5,4,4,5,5,5,5,2,3,5,4,5,3,4,4,5,5,4,5,5,5,5,4,4,5,5,5,5,4,3,5,4,1,2,2,2,1,2,2,7,6,6,7,7,5,6,6,6,2,1,3,2,3,283
6,6,2,6,6,6,6,6,6,2,6,6,2,6,6,6,2,6,6,5,6,5,3,4,3,2,5,3,2,3,6,5,30,1,1,6,10,IT Director,40,25,6,5,6,5,3,2,4,4,4,4,4,4,4,4,4,4,4,4,2,4,4,3,2,4,4,4,5,5,5,5,5,5,5,4,3,3,5,2,4,3,3,3,3,3,2,5,5,5,5,4,1,1,5,1,3,1,1,2,3,148
6,6,6,7,7,7,7,6,6,2,6,6,6,2,5,5,4,6,4,6,6,6,7,5,3,2,6,2,2,2,6,6,13,1,2,2,10,administrative manager,40,16,6,6,7,6,7,5,5,4,5,5,4,5,5,3,5,5,5,5,5,5,5,5,5,5,5,5,4,5,5,4,5,5,5,5,3,3,4,4,3,2,2,2,3,1,3,5,6,5,5,6,4,6,7,7,6,2,6,6,3,510
6,7,1,6,6,7,6,7,7,2,6,6,1,2,6,6,1,5,6,5,6,7,7,6,1,2,6,6,1,2,6,7,26,1,1,6,4,Doctor,40,21,1,6,6,3,5,3,4,5,4,5,4,4,5,4,4,5,4,4,5,4,4,5,4,4,5,5,4,5,4,5,4,5,4,5,4,5,5,4,2,1,2,1,2,2,1,6,7,6,5,5,2,4,3,5,5,5,6,6,3,221
6,6,3,6,6,6,6,6,6,3,6,6,6,2,6,6,3,5,6,5,6,6,6,6,3,3,5,3,2,4,6,6,23,1,1,5,9,Software Engeneer,37,20,1,6,6,6,6,6,4,4,5,4,4,4,4,3,4,4,4,4,4,3,3,4,4,4,4,4,4,4,4,4,4,4,4,4,3,4,4,4,3,4,3,2,3,3,3,5,5,5,5,6,4,6,6,6,6,6,5,4,3,206
2,1,5,1,2,1,1,1,1,7,3,3,6,4,3,2,7,2,1,7,5,6,7,1,7,4,6,4,7,7,1,1,16,,2,4,4,Director,50,18,6,7,7,7,7,7,4,4,4,4,4,5,5,2,3,4,4,5,5,5,5,3,2,3,3,4,5,5,5,5,5,4,4,4,5,3,1,5,6,4,6,4,4,4,4,4,5,4,4,4,3,4,2,1,7,6,7,7,1,496
6,6,2,6,6,6,6,6,6,2,6,5,2,2,6,7,2,6,5,6,6,7,7,5,2,1,5,3,2,3,6,5,33,2,1,6,10,Financial Analyst,34,26,6,6,7,2,6,7,4,4,5,4,4,4,4,2,4,5,3,4,4,4,4,4,4,4,4,4,5,5,5,5,5,5,5,5,4,4,5,3,3,3,3,3,3,3,3,7,7,7,6,7,7,7,6,7,2,2,1,2,3,172
7,7,1,7,7,7,7,7,7,1,7,5,7,1,7,7,1,7,7,7,7,7,7,7,1,1,4,3,1,1,7,7,13,1,1,5,3,Educator,6,16,6,6,7,4,4,1,5,5,5,5,5,5,5,4,5,4,1,1,3,3,2,4,5,5,5,5,5,5,5,5,5,5,5,5,5,5,5,5,4,5,6,7,4,3,4,7,7,7,7,7,1,7,7,7,1,1,1,1,3,314
5,6,6,6,6,7,6,6,7,7,6,7,6,7,7,6,4,6,6,5,6,6,6,6,7,3,6,7,5,6,6,7,38,1,1,4,10,IT Consultant,35,22,6,6,6,5,5,4,5,4,4,4,4,5,5,5,5,5,4,5,5,4,5,5,5,4,5,5,4,4,4,5,4,5,4,5,3,4,4,4,3,6,3,3,3,3,3,6,6,6,7,6,6,6,6,6,7,6,7,6,2,247
6,7,6,7,7,6,7,7,5,6,7,5,6,1,4,6,2,6,6,7,6,5,6,5,1,2,3,3,2,4,5,5,19,1,1,5,9,Business Analyst,45,14,5,6,6,4,5,3,4,3,3,4,2,4,3,2,4,5,4,3,4,4,4,4,3,4,3,4,4,5,5,4,5,4,4,4,3,4,4,3,5,4,5,4,4,3,3,5,5,4,5,5,6,5,4,5,3,2,4,3,2,437
6,6,6,6,6,6,6,6,6,6,7,6,1,1,6,6,2,6,6,6,6,7,6,6,1,2,3,2,1,1,6,6,17,1,2,5,6,lawyer,51,9,1,6,6,2,6,6,4,4,4,4,4,4,4,5,4,4,4,4,4,4,4,4,4,4,4,4,4,4,4,4,4,4,5,4,4,4,4,4,3,3,3,3,3,3,3,5,5,6,5,5,6,5,6,6,6,6,6,5,3,215
7,7,1,7,7,7,7,7,7,1,7,6,1,1,6,7,1,7,7,7,7,7,7,7,1,1,7,1,1,1,7,7,41,2,2,4,4,medical admin,40,35,6,6,6,3,5,5,5,5,5,5,5,5,4,3,4,5,4,5,5,5,5,5,4,5,4,5,4,4,4,4,4,4,4,4,4,5,5,5,3,7,3,3,3,3,3,7,7,5,5,5,4,4,5,5,2,1,1,1,3,300
7,7,1,7,7,7,7,7,7,1,7,7,1,1,7,7,1,7,7,7,1,7,7,7,1,1,7,1,1,1,7,7,21,1,1,2,10,Construction,50,20,1,7,7,7,7,5,5,5,5,5,5,5,5,5,5,5,5,5,5,5,5,5,3,5,5,5,5,5,5,5,5,5,5,5,5,5,5,5,1,1,1,1,1,1,1,7,7,7,7,7,7,7,7,7,1,1,1,1,3,484
6,6,2,6,6,5,6,6,6,3,5,5,2,2,5,5,4,3,3,3,3,3,3,5,3,3,6,5,2,2,2,2,32,1,2,6,3,admin,40,26,1,6,6,2,3,3,4,4,4,4,4,4,4,4,4,5,5,5,4,4,4,4,4,4,4,4,4,4,4,4,4,4,4,4,4,4,4,4,6,6,6,6,6,6,6,6,6,6,4,3,3,3,5,5,5,5,5,5,2,144
6,6,5,6,6,6,6,6,6,2,6,6,6,2,6,5,2,5,5,6,5,5,6,6,2,2,5,2,2,2,6,6,11,6,2,6,4,Therapist,37,5,6,6,6,4,5,4,4,4,4,4,4,5,4,4,4,4,4,4,4,4,4,4,4,4,4,4,4,4,4,4,4,4,4,4,4,4,4,4,5,6,6,6,6,6,6,5,5,5,5,5,2,5,2,6,6,6,6,6,3,502
6,5,2,5,5,6,6,5,6,2,6,6,6,1,6,5,2,5,5,2,4,6,6,4,2,1,7,2,2,2,5,6,48,1,1,5,10,sales assistant,40,44,1,6,5,2,6,6,4,4,4,2,4,4,4,2,4,4,3,4,2,4,3,4,3,4,4,4,3,4,5,4,5,4,3,4,2,3,3,4,3,3,3,6,3,1,1,5,5,7,5,6,3,2,4,5,5,2,2,2,3,298
6,7,7,7,7,6,7,7,7,7,7,5,1,1,6,7,2,6,7,7,7,7,7,5,3,1,5,2,1,1,7,7,38,1,1,6,4,Nurse,40,25,1,7,6,4,6,1,5,4,5,5,5,5,4,2,4,5,3,4,5,5,5,5,5,5,5,5,5,4,5,5,4,4,5,5,3,4,5,3,2,1,1,1,1,1,1,5,7,5,5,5,7,7,7,7,5,7,5,5,3,326
7,6,2,6,6,7,6,6,7,1,6,6,1,1,6,7,2,6,6,6,6,6,6,6,1,1,5,2,1,1,6,6,23,1,1,2,9,Financial advisor,40,10,6,6,7,3,3,3,4,4,5,4,4,5,4,5,4,4,4,5,4,4,4,4,4,5,4,4,5,5,4,4,5,5,4,4,4,4,5,4,3,3,3,2,3,3,3,5,7,5,5,5,2,5,5,7,2,3,2,5,3,464
7,7,1,7,7,7,7,7,7,1,7,7,1,1,7,7,1,7,7,7,7,7,7,7,1,1,7,1,1,1,7,7,33,1,1,2,9,IT Manager,40,20,6,7,7,5,5,5,5,5,5,5,5,5,5,4,5,5,5,5,5,5,5,5,5,5,5,5,5,5,5,5,5,5,5,5,5,5,5,5,7,7,7,7,7,7,7,7,7,7,7,7,7,7,7,7,1,1,1,1,3,7
6,4,5,3,5,4,5,4,3,6,4,3,6,5,4,3,5,3,6,4,4,3,5,3,5,4,5,4,5,4,2,4,12,1,2,4,10,HR Manager,40,7,6,6,5,7,4,5,3,2,5,3,3,2,4,2,2,4,2,4,3,2,3,2,4,5,3,2,3,4,4,3,4,3,4,3,4,3,4,3,6,4,6,4,6,4,6,6,3,5,3,5,6,4,2,5,4,3,5,5,1,52
6,6,2,6,6,5,4,5,4,4,6,6,1,1,5,6,2,6,5,5,4,4,5,5,3,1,6,3,2,2,6,4,19,1,1,5,9,Billing Analyst,40,10,6,5,5,3,4,4,4,4,4,4,4,5,4,3,4,4,5,5,5,5,4,4,3,4,3,3,3,4,4,4,4,4,3,3,4,4,3,4,3,2,4,4,3,4,3,3,3,1,2,3,3,4,5,5,6,6,5,6,3,506
6,6,2,6,6,6,6,6,6,2,6,6,2,2,6,6,2,6,6,6,6,6,6,6,2,2,5,2,2,2,6,5,33,1,1,6,6,litigation manager,40,28,5,5,5,2,3,2,4,4,4,4,4,4,4,3,4,4,4,4,4,4,4,4,4,4,4,4,4,4,4,4,4,4,4,4,3,4,3,3,2,3,3,3,3,3,3,5,5,5,5,6,5,5,4,5,3,3,3,4,3,159
7,7,7,7,7,7,7,7,7,7,7,7,7,1,7,7,1,7,6,6,6,6,6,6,1,1,6,1,1,1,7,7,19,2,1,4,9,Business Management,50,20,6,6,6,1,3,3,4,4,4,4,4,4,4,2,4,2,3,4,3,4,4,3,5,5,4,4,5,5,5,5,5,5,5,4,5,4,4,4,2,2,2,2,2,2,2,5,5,5,5,5,3,3,2,5,3,3,3,3,3,112
6,7,6,7,6,5,6,7,6,2,7,6,7,2,6,7,6,5,7,6,5,7,6,7,4,6,7,6,2,4,7,6,11,1,1,5,7,Service,35,3,1,7,6,5,7,4,5,4,5,5,4,4,3,4,5,4,5,5,3,4,5,5,4,5,5,4,5,5,5,5,5,4,5,4,5,4,5,4,2,7,6,4,3,3,4,7,6,7,6,7,7,6,6,7,4,6,3,4,2,323
6,6,2,5,6,6,6,6,6,2,6,5,5,3,6,6,5,6,5,6,5,6,6,6,2,3,6,3,2,2,5,5,43,1,1,2,10,laborer,40,35,1,6,6,5,6,5,4,3,4,4,3,4,4,3,4,4,3,4,3,3,3,3,2,3,3,3,4,5,4,5,4,4,4,4,3,3,4,3,3,4,3,3,3,3,3,4,5,4,4,3,3,4,5,5,5,5,5,5,3,220
6,5,3,5,6,5,6,4,5,6,5,3,5,6,5,3,5,6,5,2,5,6,2,5,6,2,3,6,5,6,5,7,10,1,1,5,7,Finance,40,4,1,6,5,3,5,2,4,2,4,5,4,2,4,2,4,2,5,4,4,5,2,4,5,4,4,5,5,4,4,5,4,4,4,2,4,5,3,4,3,6,5,6,5,3,6,6,5,7,6,4,5,6,5,6,2,3,6,2,2,210
7,7,1,7,7,6,6,7,7,1,7,7,1,1,7,7,1,7,6,5,5,6,5,5,1,1,7,1,1,1,7,4,17,1,2,5,10,Accountant,40,15,6,5,5,4,6,3,5,5,5,5,5,5,5,3,5,4,5,5,5,5,5,5,4,4,4,5,3,5,5,5,5,5,4,5,4,3,5,4,4,3,3,3,3,3,3,6,6,6,6,6,3,3,4,3,5,5,5,5,3,525
7,7,1,7,7,7,7,7,7,1,7,7,7,1,1,7,4,7,7,7,7,7,7,7,1,1,7,1,1,1,7,7,11,1,1,5,5,engineer,30,5,6,7,7,1,7,2,5,5,5,5,5,5,5,5,5,5,5,5,5,5,5,5,5,5,5,5,5,5,5,5,5,5,5,5,5,5,5,5,7,7,7,7,7,7,7,7,7,7,7,7,7,7,7,7,4,7,7,7,3,74
6,7,1,7,7,6,7,7,7,1,6,7,1,1,6,6,6,7,6,7,6,7,6,6,2,2,6,3,1,2,6,6,8,2,2,6,2,Creative/UX Designer,39,6,6,6,7,6,7,5,5,4,4,5,5,4,5,3,4,5,5,4,5,5,5,5,4,5,4,4,5,5,5,5,4,5,5,4,3,5,4,4,2,2,1,3,1,3,1,5,7,5,6,7,4,5,7,6,6,1,6,2,3,6
4,5,4,4,5,4,4,4,4,4,3,4,5,4,4,4,4,3,4,4,4,4,4,4,4,3,4,4,4,5,4,4,16,1,1,6,4,Registered Nurse,45,10,6,5,6,5,7,5,5,4,5,3,5,5,5,3,4,5,3,4,4,4,5,5,4,4,4,5,5,5,5,5,5,3,3,4,3,3,5,4,3,1,3,1,3,1,1,7,5,5,7,7,2,2,6,4,1,1,3,3,2,147
7,7,1,7,7,7,7,7,7,1,7,6,1,1,6,7,1,7,7,7,1,6,6,7,1,1,6,2,2,2,7,7,6,,1,5,10,Data Analyst,36,1,6,7,7,2,7,2,5,5,5,5,5,5,5,5,5,5,4,5,3,4,5,5,3,5,5,5,5,5,5,5,5,5,5,5,5,5,5,5,1,1,1,1,1,1,1,7,7,7,5,7,4,5,5,7,4,3,4,5,3,382
7,7,1,6,6,6,6,6,6,1,6,6,1,1,5,6,2,6,6,6,6,6,6,6,1,1,6,2,1,1,6,6,20,2,1,6,9,Lead Data Scientist,40,12,6,6,6,6,6,6,4,4,4,4,4,4,4,4,4,4,4,4,4,4,4,4,4,4,4,4,5,5,5,5,5,5,5,5,5,5,5,5,3,3,3,1,1,1,1,7,7,7,7,7,3,3,3,3,1,1,1,1,3,20
6,5,6,5,6,6,5,6,6,6,6,5,2,1,5,6,4,6,5,5,5,5,5,6,2,3,4,5,2,3,4,5,33,1,2,5,10,information technologist,40,10,6,5,5,4,5,5,4,3,4,4,4,3,4,2,4,4,4,3,4,3,3,4,3,4,4,4,4,4,5,4,4,4,4,5,4,4,4,4,6,5,6,5,4,5,2,5,5,5,6,5,3,4,3,4,3,4,5,4,2,229
7,7,2,6,6,6,6,6,6,2,6,6,6,1,6,6,2,6,6,6,6,6,6,6,1,2,5,2,2,1,6,6,29,2,1,5,9,Operations manager,40,21,1,6,6,5,6,6,5,5,5,5,5,5,5,5,5,5,5,5,5,5,5,5,5,5,5,5,5,5,5,5,5,5,5,5,5,5,5,5,3,3,3,3,3,3,3,7,7,7,7,7,7,7,7,7,2,2,2,2,3,32
7,5,4,5,5,7,6,5,6,2,5,4,3,4,4,5,3,6,5,7,6,7,5,6,2,3,4,1,2,2,6,5,31,1,2,2,8,retail store manager,40,30,1,6,6,7,4,4,4,4,4,4,4,4,4,4,4,3,4,4,4,4,4,3,4,4,4,4,5,4,5,5,5,5,5,4,5,4,5,4,3,3,3,3,3,3,3,5,4,5,4,5,5,4,3,4,4,4,4,4,2,207
7,7,6,7,7,6,6,6,7,6,7,6,6,7,6,7,3,5,6,6,6,6,6,6,2,2,7,3,1,5,5,6,17,4,1,3,7,wire technician,40,14,1,7,6,6,6,5,5,4,5,4,4,4,5,4,4,5,1,3,4,4,4,4,5,4,4,5,5,4,4,4,4,5,4,5,4,4,4,4,7,1,6,2,1,1,1,7,7,6,6,7,6,7,7,6,6,6,7,6,3,253
5,5,2,6,5,5,5,5,4,6,6,6,2,2,6,4,3,4,5,6,6,6,6,5,2,4,4,4,4,6,5,2,35,2,2,5,3,Front office manager,35,27,1,5,6,4,6,5,4,3,4,4,3,4,4,3,4,3,4,3,3,4,3,4,3,4,4,4,5,5,4,5,4,5,4,4,4,3,4,4,7,2,2,2,2,7,2,5,5,5,4,4,4,2,2,2,1,1,1,1,2,347
3,2,5,3,3,3,3,3,3,6,3,2,2,5,3,2,6,3,3,5,5,5,5,3,7,3,5,7,4,5,2,4,9,1,1,5,4,strategic sourcing,40,6,6,6,5,6,7,5,2,2,2,1,2,2,3,2,4,4,4,4,4,4,4,4,4,4,4,4,4,4,3,4,4,4,3,3,3,3,3,3,3,3,3,3,3,3,3,3,3,3,3,3,3,3,3,2,6,2,6,6,1,195
7,6,2,6,6,6,6,6,6,2,5,6,2,2,6,5,2,5,6,6,6,6,6,5,3,2,6,2,2,2,5,6,8,1,2,5,9,Financial Advisor,40,4,1,6,6,3,6,5,4,4,4,4,4,4,4,4,4,4,4,4,3,4,3,4,3,4,4,4,4,4,4,4,4,4,4,4,4,4,4,4,2,2,2,2,2,2,2,5,5,5,5,5,4,4,5,4,4,3,3,3,3,51
5,5,2,5,5,6,6,5,6,2,5,6,1,2,6,5,4,4,4,5,6,5,7,5,4,4,3,1,1,4,3,6,25,1,1,5,8,manager,41,20,5,6,7,1,6,2,5,4,4,5,4,4,5,3,5,4,3,4,3,3,4,4,3,5,4,4,5,5,4,4,4,4,4,5,4,4,4,3,3,4,3,2,4,4,2,5,5,4,5,5,4,5,6,6,7,4,6,7,2,186
6,6,1,7,7,7,7,7,7,1,7,7,1,1,1,7,3,6,6,6,4,6,6,6,2,3,5,2,1,1,6,7,14,1,2,5,10,information technology,45,9,6,4,6,3,7,4,5,5,3,5,3,5,4,4,5,5,5,5,5,5,4,5,4,5,5,5,5,5,5,5,5,5,4,4,4,5,5,5,3,3,3,3,3,3,3,5,5,5,5,5,5,5,5,5,4,3,3,3,3,369
3,2,6,4,3,3,4,4,4,5,4,4,4,4,4,4,6,4,4,4,4,3,4,4,4,3,6,6,3,4,4,4,36,4,2,6,4,Scientist,40,23,1,4,3,2,2,2,3,2,2,3,3,4,4,3,4,4,3,4,4,4,4,4,3,4,4,4,3,4,4,3,3,4,3,3,2,3,3,3,4,5,4,5,5,4,4,7,7,7,7,7,4,3,4,4,2,4,2,2,1,391
6,6,1,7,7,5,6,5,5,5,7,7,1,1,7,7,2,6,4,1,1,1,1,5,2,2,3,4,1,1,7,1,36,1,1,6,3,Teacher,40,37,1,1,6,1,1,1,4,4,4,1,1,5,5,3,4,4,5,5,5,5,5,5,2,5,5,5,3,4,4,4,4,4,3,3,2,4,4,3,3,3,3,3,3,3,3,6,5,6,5,5,1,1,1,1,1,5,3,5,3,488
6,7,1,6,6,7,6,6,7,2,6,6,1,1,6,6,2,6,5,6,6,7,6,6,1,2,5,6,2,2,7,7,19,1,1,6,9,Consultant,40,16,1,6,7,4,6,6,4,5,5,4,4,4,5,3,4,4,5,4,4,4,5,5,4,4,5,4,4,5,5,5,4,4,5,4,3,4,4,4,3,2,1,2,2,3,3,5,6,5,6,5,4,4,3,4,3,4,3,4,3,199
6,6,5,7,6,6,6,7,6,5,5,6,5,2,6,7,1,7,6,6,6,6,6,5,6,3,4,3,2,2,7,6,29,1,1,6,10,Port Engineer,9,25,6,6,7,4,4,3,5,5,5,5,5,5,4,2,4,5,4,4,5,4,5,5,5,5,4,4,4,5,5,5,4,4,4,4,5,5,4,4,4,3,4,5,5,5,4,6,6,6,6,7,5,5,5,3,3,4,3,4,3,149
5,6,5,6,5,6,6,6,6,6,6,5,3,2,5,6,2,6,5,5,6,6,6,6,5,6,6,4,5,4,5,6,13,5,2,5,3,TEACHER,40,5,1,6,5,6,5,6,4,5,4,4,5,4,4,4,4,5,5,4,5,4,4,4,5,4,4,4,4,4,4,5,4,5,4,4,4,4,3,4,5,6,5,6,5,6,5,5,5,6,5,5,6,6,5,5,5,6,5,5,2,103
6,6,3,6,6,5,5,6,6,2,6,7,2,2,6,6,2,6,6,4,4,5,5,6,2,5,2,3,2,2,6,6,41,1,2,5,10,Claims adjuster,43,42,5,5,6,2,4,2,4,4,4,4,4,4,4,3,4,4,4,3,3,4,4,4,2,4,4,4,5,5,5,5,5,4,4,5,3,3,3,4,1,1,1,1,1,1,1,5,5,5,5,4,3,3,4,4,3,2,3,3,3,201
6,6,3,5,5,6,6,5,4,5,6,6,4,2,5,6,4,5,6,3,4,5,6,6,4,4,5,6,4,5,3,5,43,2,1,6,10,Chief Technology Officer,40,25,6,4,5,6,5,6,5,4,4,4,3,4,4,4,3,4,4,3,2,3,4,4,4,3,4,3,4,4,5,5,4,5,4,5,4,3,3,4,6,6,5,6,5,4,5,6,6,5,4,5,3,4,5,6,4,5,5,4,2,40
7,7,1,7,7,7,7,7,7,1,7,7,1,1,7,7,5,7,5,7,7,7,7,7,1,1,7,1,1,1,7,7,15,5,1,6,8,Marketing manager,40,7,6,7,7,1,7,7,5,5,5,5,5,5,5,5,5,5,5,5,5,5,5,5,5,5,5,5,4,4,4,4,4,4,4,4,4,4,4,4,6,1,6,1,1,6,6,7,7,7,7,7,7,7,7,7,1,1,1,1,3,68
6,4,2,4,3,3,4,4,3,4,5,4,2,2,6,5,4,4,5,4,4,4,5,4,4,2,2,2,1,4,4,4,16,1,1,5,10,Employment Support Specialist,40,,6,4,5,2,4,3,3,2,2,1,1,3,4,3,4,3,3,3,3,4,4,4,3,2,3,5,5,5,5,5,5,5,5,4,5,3,3,4,3,3,2,4,4,3,4,5,4,4,4,3,4,5,4,4,6,4,3,6,2,364
3,2,2,3,1,2,3,2,1,2,2,3,2,6,4,2,3,3,3,2,3,3,2,1,2,2,1,3,2,2,1,1,24,2,1,6,9,Software Developer,40,15,6,6,7,5,5,5,4,5,4,5,4,5,5,4,5,4,5,4,4,4,5,5,4,5,5,5,4,5,5,4,5,5,4,4,5,4,5,4,3,2,3,1,2,1,2,6,7,5,6,6,7,5,6,6,3,5,5,2,1,158
6,5,3,5,6,6,6,6,5,3,4,5,4,4,3,5,5,5,4,5,6,6,7,5,3,3,6,3,4,3,5,5,8,5,2,5,10,admin,45,2,6,7,6,4,6,5,2,2,2,4,2,4,4,3,3,3,4,4,4,4,4,3,4,4,4,4,5,5,5,4,5,4,4,5,3,4,3,4,3,3,3,5,4,3,3,2,4,2,2,2,2,3,4,2,6,6,6,6,2,568
5,7,1,5,6,7,6,7,6,1,7,6,1,1,6,7,2,6,5,6,6,7,6,7,2,1,6,7,2,1,6,1,13,1,2,5,4,Nurse,30,10,6,5,6,2,5,4,4,5,4,4,5,5,4,4,5,4,5,5,4,4,4,5,5,4,4,4,4,5,4,5,4,4,4,5,5,4,4,4,2,3,3,2,2,2,3,4,5,5,6,5,3,3,3,3,4,5,5,5,3,192
7,7,1,7,7,7,7,7,7,1,7,6,1,2,5,7,1,7,7,7,7,7,7,5,3,2,5,1,1,1,7,7,29,1,2,6,3,Instructional Coach,40,25,1,7,7,6,6,6,5,5,5,5,5,5,5,5,3,5,5,5,5,5,5,1,2,4,2,2,5,5,5,5,5,5,5,5,4,3,5,5,1,1,4,1,1,1,1,2,2,2,2,2,6,6,7,5,7,7,7,7,3,559
7,7,1,7,7,7,6,6,6,1,6,6,1,1,6,7,1,7,6,6,1,5,5,7,1,1,7,2,1,1,7,6,36,1,1,3,2,IT Project Manager,55,41,6,6,6,2,5,2,5,4,4,4,4,5,5,3,4,4,2,5,5,5,4,4,3,5,5,5,4,5,5,5,5,5,5,4,3,4,5,2,1,1,1,1,1,1,1,7,7,7,6,7,3,2,4,3,1,1,1,1,3,325
6,5,6,6,5,5,6,6,5,6,7,7,6,5,5,4,4,5,6,5,4,5,6,5,4,5,4,5,5,4,5,6,44,1,1,6,7,Manager,30,20,6,5,6,5,5,4,4,3,4,5,4,4,4,3,3,5,4,4,3,4,4,5,4,3,3,4,4,5,5,5,4,4,4,4,3,3,4,3,6,3,4,5,3,4,4,5,6,5,6,5,5,4,5,6,6,6,5,5,2,126
7,7,1,7,7,7,7,7,7,1,6,6,1,1,7,7,1,7,7,7,7,7,7,7,1,1,6,1,1,1,7,7,19,2,1,5,2,software engineer,45,12,6,6,6,2,6,6,5,5,5,5,5,5,5,5,5,5,5,5,5,5,5,5,5,5,5,5,5,5,5,5,5,5,5,4,4,5,5,4,1,1,1,1,1,1,1,7,7,7,7,7,5,5,5,5,2,1,2,2,3,576
6,7,2,6,5,7,7,6,7,2,6,7,1,2,6,7,3,7,6,7,7,6,7,6,1,2,1,6,7,5,6,7,27,1,1,6,8,Operations Manager,45,20,6,7,7,5,7,6,4,4,5,5,4,5,5,4,5,4,4,4,5,5,4,5,4,4,5,4,4,5,5,4,3,5,4,3,5,4,4,3,3,1,1,1,2,1,2,7,7,6,6,7,1,2,5,6,5,2,5,5,3,113
6,6,2,6,6,7,7,7,6,1,6,6,1,1,6,6,2,6,6,6,6,6,6,6,2,1,7,1,1,2,7,7,43,,3,5,4,DIRECTOR OF NURSING,45,41,1,7,7,7,7,7,5,5,5,5,5,5,5,5,5,5,4,4,5,5,5,5,4,5,5,5,4,5,4,5,4,4,4,4,3,3,4,4,1,1,1,1,1,1,1,7,7,7,7,7,1,1,4,1,3,1,1,1,3,475
7,7,1,7,7,7,7,7,7,1,7,7,1,1,5,7,1,7,7,7,7,7,7,7,1,1,7,1,1,1,7,7,16,1,1,6,1,customer support and hiring m,40,14,6,6,7,7,7,3,5,5,5,5,5,5,5,5,5,5,5,5,5,5,5,5,5,5,5,5,5,5,5,5,5,5,5,5,5,5,5,5,1,1,1,1,1,1,1,7,7,7,7,7,7,7,7,7,7,7,7,7,3,75
5,4,4,4,4,4,4,4,4,5,5,5,5,4,5,4,5,4,4,4,4,5,5,5,4,5,4,4,4,4,4,4,44,1,2,5,3,Teacher,40,35,1,5,5,4,5,5,4,5,4,3,4,4,5,4,3,4,5,4,4,4,3,4,5,4,3,4,4,5,4,5,4,3,4,5,4,3,4,4,5,5,5,7,6,5,6,6,5,4,6,5,6,7,5,6,7,5,6,5,2,537
6,7,2,6,6,6,6,6,5,2,7,5,1,1,5,7,2,7,6,4,6,6,4,6,2,1,7,2,2,2,7,7,12,1,1,6,5,Accountant,42,11,6,6,7,5,5,3,4,4,5,3,4,4,5,4,5,3,4,5,5,4,4,5,4,4,3,4,4,5,5,4,4,4,3,3,4,3,4,3,3,3,4,4,3,3,2,5,5,5,5,6,6,5,6,5,4,3,4,4,3,319
6,6,2,6,6,6,7,6,7,1,6,6,2,2,6,6,1,7,6,7,7,6,7,7,2,2,2,2,2,6,6,6,28,1,1,6,10,Data Analyst,40,20,6,7,7,6,7,5,5,4,5,5,5,5,4,4,5,5,5,5,5,5,5,5,5,5,5,5,5,4,5,5,4,4,4,3,2,4,5,3,3,1,1,3,1,3,1,5,5,6,5,6,2,5,3,3,5,5,5,5,3,87
6,6,6,6,6,6,6,6,6,6,6,6,6,6,6,6,3,6,6,6,6,6,6,6,2,2,6,2,2,2,6,6,13,1,2,5,4,nurse,40,8,1,5,5,5,5,3,4,4,4,4,4,4,4,4,4,4,4,4,4,4,4,4,4,4,4,4,4,4,4,4,4,4,4,4,3,4,4,3,6,2,2,2,2,2,2,6,6,6,6,6,3,5,5,5,3,5,3,3,3,521
6,6,2,6,2,6,6,6,6,2,6,6,2,2,6,6,2,6,6,6,6,2,6,6,2,2,5,2,2,2,6,6,8,1,2,5,10,Operations manager,50,5,1,6,6,4,6,4,4,4,4,4,4,4,4,3,4,4,4,4,4,4,4,4,4,4,4,4,5,5,5,5,5,5,5,5,2,4,5,2,1,1,1,1,1,1,1,5,5,5,5,5,2,2,4,4,3,3,3,3,3,83
6,6,2,6,6,5,6,5,5,2,5,6,2,2,5,5,3,5,5,6,6,6,6,3,5,2,6,5,3,3,5,5,36,4,1,6,10,Software Developer,40,29,6,6,5,6,5,5,5,4,5,5,4,5,5,4,4,4,5,5,3,5,4,2,4,4,2,3,4,5,4,4,5,4,3,4,3,3,2,3,2,3,6,2,6,2,3,5,6,5,3,6,2,3,6,6,5,6,5,5,2,353
6,5,3,5,5,6,5,5,5,3,5,4,3,3,5,5,5,5,4,4,4,5,5,5,3,3,6,2,3,4,5,5,36,1,1,6,7,SVP of Sales,48,30,1,6,6,6,7,6,3,2,2,2,2,3,3,3,4,4,3,4,4,3,4,4,4,4,4,4,5,5,5,4,4,4,4,4,4,4,4,5,4,5,6,6,4,4,4,6,6,6,4,5,5,5,5,5,4,4,4,4,2,295
6,7,1,6,7,6,7,6,6,6,5,4,6,2,6,6,1,6,5,6,6,7,5,6,1,3,3,2,3,2,5,6,35,1,2,6,4,Doctor,45,30,6,5,6,3,5,3,4,4,5,4,5,4,3,3,5,4,3,4,5,3,4,5,4,5,4,4,5,4,4,5,4,4,3,4,5,4,5,4,7,3,2,3,2,1,2,7,6,6,7,6,4,4,3,4,2,1,1,2,3,44
6,6,2,6,6,6,6,6,6,2,6,5,2,2,4,5,4,5,4,5,6,6,6,6,3,4,4,3,2,3,6,5,17,1,2,6,9,lawyer,42,15,6,5,5,3,5,5,5,5,5,4,4,5,5,4,5,5,5,5,5,4,4,4,5,5,4,5,4,4,4,4,4,4,4,4,4,4,4,4,6,6,6,6,6,6,6,6,5,6,6,6,6,6,6,7,6,6,6,5,2,118
7,7,1,7,6,7,7,6,7,1,7,6,7,1,5,6,5,7,6,6,7,6,7,7,2,2,6,4,1,1,7,6,29,3,1,5,7,i oversee workers at quality,72,25,1,7,7,7,6,7,5,4,5,4,5,4,5,1,4,5,5,4,5,4,5,4,5,4,5,5,5,5,5,4,5,5,5,5,4,5,4,4,2,5,2,1,1,1,1,6,7,6,7,6,2,1,6,7,2,1,2,6,3,507
7,6,1,6,6,6,7,6,6,1,7,6,2,1,6,7,1,6,6,7,7,6,6,6,1,2,2,2,1,2,6,6,44,1,2,6,10,Director,40,26,6,6,7,2,6,7,5,4,5,5,4,4,5,4,4,5,4,5,4,4,4,5,5,4,4,5,5,5,5,5,5,5,5,5,4,4,5,5,3,3,1,3,1,1,1,7,7,5,7,7,5,5,5,7,1,3,1,3,3,545
7,6,7,7,6,7,6,7,7,6,6,7,7,6,7,6,7,6,7,6,6,7,5,6,1,2,6,6,1,4,7,6,37,1,2,6,3,Teacher,40,22,1,7,6,7,6,6,5,4,5,5,4,5,5,1,4,5,4,4,5,4,5,5,4,5,5,4,5,4,5,5,3,5,5,4,4,5,4,5,6,6,7,6,7,5,7,6,5,7,5,6,6,5,7,6,7,6,6,7,2,115
6,6,1,6,6,6,6,6,6,2,6,6,2,2,7,6,5,5,6,6,7,7,7,6,2,3,5,4,2,3,6,6,18,1,2,5,2,Designer,40,6,1,6,6,2,6,5,4,4,5,5,3,4,4,2,5,5,5,5,5,5,4,4,4,5,5,5,5,5,5,5,5,4,4,4,4,5,5,5,2,3,3,3,3,3,3,5,7,7,5,5,6,5,5,6,6,4,6,5,3,121
6,7,7,6,7,7,6,7,7,6,7,7,6,7,7,6,6,7,7,6,7,7,6,7,1,1,6,2,2,1,6,6,38,3,1,6,9,Data Analyst,40,23,6,6,7,3,5,2,5,4,5,5,4,4,5,3,5,5,4,4,5,5,4,5,4,5,5,4,5,5,4,5,5,4,5,4,3,4,5,4,3,2,2,1,1,2,1,7,6,7,7,6,2,7,6,6,4,2,3,3,3,446
6,6,2,6,6,7,6,7,6,3,6,6,2,3,6,6,4,6,6,6,7,6,6,7,3,4,6,4,2,2,2,6,35,1,2,5,9,OFFICIAL ADVISOR,40,30,6,6,7,6,6,7,4,4,5,4,5,4,5,4,5,5,4,5,4,5,4,5,3,4,5,4,5,5,4,4,5,5,4,4,5,4,4,4,4,3,3,2,2,1,2,6,5,6,6,5,4,6,7,6,4,5,6,5,3,31
6,7,2,6,6,6,7,6,6,7,6,6,6,2,5,6,2,6,6,6,7,6,6,6,2,1,7,2,2,1,6,7,13,2,1,6,5,A manager at a transport and,40,4,1,5,5,3,6,3,4,4,5,4,4,5,4,3,3,4,2,4,4,4,4,3,4,4,4,4,5,5,5,5,5,5,5,5,4,4,5,5,7,7,7,3,3,3,3,5,7,6,6,5,3,4,4,3,2,1,1,1,3,127
6,6,2,5,6,5,5,5,4,6,6,5,1,1,5,6,2,5,6,6,5,5,5,6,2,4,4,2,2,5,5,5,37,1,1,4,9,Technical Support rep,45,39,6,4,5,4,6,6,4,4,5,4,4,5,4,4,4,5,4,5,4,4,5,5,4,4,4,5,4,5,4,5,4,5,4,4,4,5,4,4,5,4,3,7,3,2,1,7,7,7,6,7,1,2,4,5,4,2,3,4,2,218
5,6,4,5,5,6,7,5,6,2,5,5,6,4,5,6,5,6,5,4,3,5,5,4,2,4,6,5,2,4,5,6,17,1,2,6,10,IT Professional,30,3,6,6,5,5,6,5,4,3,3,4,4,3,3,3,3,3,4,3,3,4,3,3,3,3,3,3,4,4,3,4,4,3,4,3,3,4,3,4,4,3,2,3,3,3,2,5,6,5,5,6,6,5,4,5,5,5,5,6,2,93
7,6,7,6,7,6,7,7,7,7,6,6,7,6,7,6,3,6,7,7,6,7,6,6,1,2,7,6,6,7,6,6,39,1,2,6,4,Medical doctor,35,10,1,6,7,5,6,5,5,4,5,5,4,5,5,4,5,4,5,4,5,5,5,5,4,4,5,4,4,5,5,4,5,4,3,4,3,5,5,5,1,7,1,1,1,1,1,6,6,7,6,6,6,7,7,3,6,7,6,6,2,25
6,5,7,7,5,4,5,6,5,7,6,6,7,5,4,5,6,7,6,5,6,6,4,5,7,7,6,5,4,5,6,7,36,1,1,5,9,Marketing,30,19,6,6,5,7,5,6,5,4,4,5,3,4,4,2,3,5,4,4,5,3,4,4,3,5,4,3,4,5,3,3,4,5,4,3,5,4,3,5,6,5,7,7,4,5,6,6,7,5,4,5,5,7,7,6,4,5,6,6,2,45
6,6,2,6,6,6,6,6,6,2,5,5,2,5,5,5,3,5,5,6,6,6,6,5,3,3,5,2,2,3,6,5,23,1,2,5,10,IT Specialist,40,20,6,5,6,5,4,3,5,2,4,4,4,4,4,2,3,5,3,4,3,4,3,4,3,4,4,4,5,5,5,5,5,5,4,5,3,4,5,3,3,2,2,2,1,2,1,5,7,7,2,5,3,3,6,5,6,4,2,2,3,73
7,7,1,5,6,6,6,7,6,1,6,3,6,5,6,7,5,5,6,7,6,5,5,6,1,5,6,2,1,1,7,1,15,2,1,6,3,teacher,35,9,6,7,6,1,6,6,5,5,5,5,5,5,5,2,5,4,2,4,5,4,4,5,5,5,5,4,5,5,5,5,4,5,5,4,3,4,5,4,1,3,1,2,4,1,1,5,6,5,6,6,5,6,5,6,3,2,5,2,3,342
6,6,6,7,7,6,6,6,7,6,6,3,5,5,5,5,5,5,5,5,4,4,5,4,2,2,4,1,1,2,6,6,22,3,1,5,4,healthcare worker,34,15,6,6,7,1,6,4,5,5,5,5,5,5,5,3,4,5,4,5,4,4,4,3,4,5,4,5,5,4,4,4,4,5,4,4,4,4,4,4,4,4,3,4,4,4,4,6,7,6,6,5,1,6,6,6,1,1,5,5,2,55
7,6,6,5,6,4,5,5,6,1,4,5,2,1,5,4,5,6,5,6,4,5,5,6,5,5,3,5,5,6,4,5,8,2,1,6,7,DATA ANALYST,36,5,6,6,6,7,5,6,4,5,5,4,4,5,5,4,5,5,4,4,5,4,4,5,4,5,4,4,5,5,5,5,5,5,4,5,4,5,5,4,2,1,1,1,1,1,1,7,7,7,7,6,6,4,4,4,4,3,4,5,2,461
7,7,1,7,7,7,7,7,7,1,7,7,1,1,7,7,7,7,7,7,1,7,7,7,7,7,7,7,7,7,7,7,21,1,1,5,7,Data scientist,40,15,1,6,6,6,6,6,4,4,4,4,4,4,4,4,4,4,4,4,4,4,4,4,4,4,4,4,5,5,5,5,5,5,5,5,5,5,5,5,7,7,1,1,1,1,1,6,7,6,6,7,1,1,1,4,1,1,1,1,3,106
6,6,2,6,6,6,7,7,6,2,7,5,1,1,6,7,2,6,6,7,6,7,7,6,2,2,6,2,1,1,7,6,29,1,1,5,4,Nurse,40,20,1,7,6,5,7,4,4,4,5,4,5,4,5,1,5,5,2,4,5,5,4,4,5,5,4,5,5,4,4,5,5,4,4,5,4,4,4,4,6,6,2,2,1,1,1,5,6,6,5,5,6,6,5,5,3,3,4,5,3,423
6,6,2,6,6,6,6,6,6,2,6,5,2,2,4,6,3,5,5,5,5,5,6,4,3,3,3,3,2,2,3,2,12,2,2,5,3,Teacher,30,8,6,6,6,6,6,6,5,4,4,4,4,4,4,4,4,4,4,4,4,4,4,4,4,4,4,4,5,5,5,5,5,5,3,4,3,3,3,4,3,3,3,3,3,3,3,5,5,5,5,5,4,5,5,5,5,5,5,5,2,137
7,7,1,7,7,7,7,7,7,7,7,6,2,3,5,7,5,6,3,7,1,5,5,7,1,1,7,1,5,1,6,2,34,1,1,5,8,VP Sales and Business Develop,40,29,5,6,6,7,6,6,5,5,5,5,5,5,5,5,5,5,5,5,5,5,5,4,1,5,4,4,4,5,5,5,5,4,5,5,5,5,5,5,6,6,6,6,6,6,6,5,6,6,6,2,5,5,5,5,7,5,7,7,3,373
6,7,5,7,6,7,5,7,6,1,6,7,2,1,6,7,3,6,7,6,6,7,6,6,2,1,5,3,2,3,6,7,12,1,1,6,10,IT Project Manager,45,7,6,7,7,5,6,6,4,5,5,5,4,5,5,4,5,4,2,4,5,4,2,5,5,4,5,4,4,5,5,4,5,5,3,5,3,4,4,3,3,3,1,1,2,1,1,6,7,6,6,7,1,2,2,1,3,2,3,3,3,134
7,7,7,7,7,7,7,7,7,7,7,7,1,2,7,7,1,7,7,7,7,7,7,7,1,7,7,7,1,7,7,7,20,1,1,6,7,Marketing,40,10,6,7,7,7,7,7,5,5,5,5,5,5,5,5,5,5,5,5,5,5,5,5,5,5,5,5,5,4,4,4,4,4,4,4,4,4,5,5,1,7,7,7,7,7,7,7,7,7,7,7,7,7,7,7,7,7,7,7,3,100
6,6,2,6,6,6,6,6,6,2,6,4,3,2,7,6,3,6,6,7,7,6,7,5,3,3,2,4,2,5,5,5,36,2,1,6,3,Teacher,41,25,1,2,7,5,3,1,5,5,5,5,5,5,5,4,5,4,4,4,4,5,4,4,4,5,4,5,2,4,4,4,4,4,4,3,4,4,4,3,3,4,3,3,3,1,1,7,7,5,5,5,2,3,6,6,3,1,3,3,3,117
5,3,5,7,4,6,7,6,7,2,4,6,5,6,6,5,3,6,7,5,6,4,6,7,4,6,7,5,7,5,6,6,38,4,1,5,3,Teacher,50,15,1,5,3,4,2,5,4,3,4,4,3,4,2,4,3,2,3,4,3,1,2,4,4,5,3,4,4,3,3,4,2,3,4,3,5,3,5,4,5,4,6,6,4,6,5,5,6,4,6,6,4,6,7,3,7,6,6,7,2,399
6,6,1,7,6,6,7,7,7,7,7,2,2,1,7,5,1,1,6,6,7,7,6,7,1,1,6,1,1,1,7,6,30,1,2,5,10,Data analyst,40,23,1,5,6,2,4,2,5,4,5,5,5,5,5,5,4,5,5,4,5,5,4,5,5,5,5,5,4,5,4,4,5,4,4,4,4,4,4,4,3,2,2,2,1,1,1,6,7,6,6,7,2,6,6,6,7,6,6,2,3,70
6,6,2,6,6,6,6,6,6,1,6,6,1,1,4,6,6,6,6,6,6,6,6,6,1,1,6,1,1,1,6,6,36,1,2,5,4,nurse,38,30,1,6,6,6,6,6,4,4,4,4,4,4,4,4,4,4,4,4,4,4,4,4,4,4,4,4,5,5,5,4,5,5,4,4,5,4,5,4,2,1,1,1,1,1,1,6,6,6,6,5,5,5,5,5,6,6,5,6,3,43
5,6,7,6,6,6,7,6,6,7,6,6,6,2,2,7,6,6,7,6,7,6,6,5,2,2,6,1,2,2,6,7,17,1,1,5,10,manager,45,7,6,5,6,5,6,2,4,5,4,4,4,4,5,2,4,2,2,4,4,4,4,4,5,4,4,5,5,5,5,5,5,5,4,4,4,5,4,4,5,6,6,5,6,6,6,5,5,6,5,5,3,5,5,5,3,3,2,3,2,194
7,7,1,7,7,7,7,7,7,1,7,7,1,7,7,7,1,7,7,5,4,5,5,7,1,2,6,3,1,1,7,5,29,2,1,6,7,Supply chain manager,40,18,1,6,7,4,7,4,5,3,4,5,4,4,5,5,5,5,5,5,4,5,3,4,3,5,4,5,5,5,5,5,5,5,5,5,3,4,5,4,2,3,3,2,3,2,2,6,7,6,7,7,6,5,7,6,2,2,3,3,3,116
7,7,1,7,7,7,7,7,7,1,7,7,7,1,7,7,1,7,7,7,7,7,7,7,7,1,7,1,1,1,7,7,10,1,2,6,9,Manager,40,4,6,7,7,1,7,7,5,5,5,5,5,5,5,5,5,5,5,5,5,5,5,5,5,5,5,5,5,5,5,5,5,5,5,5,5,5,5,5,1,1,1,1,1,1,1,7,7,7,7,7,4,7,7,7,1,1,1,1,3,48
6,7,6,5,6,7,5,7,3,5,6,5,7,1,3,5,3,6,5,7,2,3,7,6,1,1,2,5,6,6,3,6,3,2,2,4,3,Teacher,54,2,1,6,5,4,5,6,5,4,4,4,5,3,5,2,5,4,2,4,5,4,4,5,1,2,4,5,4,5,4,4,3,4,3,3,3,4,4,4,5,6,3,2,5,6,5,4,5,5,6,4,5,6,6,6,4,6,5,3,2,69
5,5,6,6,6,7,6,6,6,2,6,7,2,2,2,2,6,6,6,5,6,7,6,6,2,2,5,6,1,2,5,6,8,1,2,6,10,manager,45,4,6,5,6,3,5,3,4,5,5,4,4,4,5,2,4,2,4,4,4,4,5,4,4,4,5,5,5,5,5,5,5,5,4,4,4,5,5,5,2,5,6,5,5,5,6,5,6,6,6,6,2,5,5,6,3,3,3,3,2,198
6,6,1,6,6,6,6,6,6,1,6,6,6,1,6,6,6,6,6,6,6,6,6,6,1,1,6,2,1,1,6,6,16,3,2,6,3,Teacher,33,8,6,6,6,6,4,4,5,5,5,5,5,5,5,4,5,4,4,5,5,5,4,3,3,4,4,5,4,5,5,5,5,5,4,4,2,5,5,3,1,1,1,1,1,1,1,7,7,7,7,7,2,3,4,4,1,1,1,1,3,225
6,6,3,6,6,6,6,6,6,6,6,6,6,2,6,6,6,6,6,6,6,6,6,6,6,3,6,6,6,6,6,6,35,1,1,6,10,A Senior IT Manager,40,27,6,6,6,5,6,3,4,4,4,4,4,4,4,4,4,5,5,4,5,4,4,4,4,4,4,5,4,4,4,4,4,4,4,4,4,4,5,4,5,5,5,5,5,5,5,5,5,5,5,5,6,5,5,5,5,5,5,5,2,157
5,6,3,6,5,6,6,5,6,3,5,5,6,6,6,5,4,5,4,6,6,6,6,6,5,2,5,3,2,2,6,5,12,2,1,6,9,Financial Advisor,40,8,6,6,7,5,6,5,4,5,5,4,4,5,4,3,4,3,4,4,3,4,3,4,3,3,4,4,4,4,4,5,4,5,4,4,4,3,3,4,6,6,4,6,6,4,2,6,7,6,6,5,4,3,6,6,2,3,4,6,2,196
6,6,1,6,6,6,6,6,7,1,6,6,3,2,6,6,2,6,6,6,5,5,5,6,2,2,5,5,2,2,6,6,49,1,2,2,9,Consultant,35,45,6,5,6,3,6,6,4,4,4,5,4,5,4,4,5,4,4,4,4,4,5,4,4,4,5,4,4,5,5,5,5,4,4,4,4,5,5,4,3,2,1,2,1,1,2,7,7,7,7,7,4,3,3,3,1,1,1,1,3,104
6,6,2,6,6,5,5,6,5,3,6,5,3,3,5,4,5,3,3,5,5,5,5,5,3,3,5,3,2,3,5,5,37,1,2,5,3,"Art Teacher, After School Coo",50,33,1,6,6,3,3,2,4,4,4,3,4,4,4,3,4,4,4,2,3,4,3,2,5,5,4,4,4,5,5,5,5,5,5,4,4,3,3,3,1,2,1,2,1,1,1,7,7,7,7,7,4,4,3,3,3,1,1,1,2,214
7,7,1,7,7,7,7,7,7,1,7,7,1,1,7,7,1,7,7,7,7,7,7,7,1,1,7,3,1,1,7,7,25,1,1,3,4,nurse,36,17,6,7,7,3,7,7,5,5,5,5,5,5,5,1,5,5,5,5,5,5,5,5,5,5,5,5,5,5,5,5,5,5,5,5,5,5,5,5,4,3,2,1,1,1,1,7,7,7,7,7,5,7,7,7,3,2,2,2,3,136
6,6,6,2,2,2,2,2,2,2,2,2,6,6,2,2,6,6,2,6,6,6,4,2,4,4,4,4,6,6,2,2,21,1,2,6,10,Financial Advisor,40,20,6,5,4,4,5,4,4,4,4,4,4,4,4,3,3,4,4,4,4,4,4,4,3,5,5,5,4,4,4,4,4,4,4,4,4,4,4,4,1,1,1,1,1,1,1,7,7,7,7,7,1,1,4,1,1,1,1,1,1,60
6,6,6,6,6,6,6,6,6,6,6,6,6,2,6,6,2,6,6,6,6,6,6,6,2,2,5,2,2,2,6,6,32,1,2,6,3,Teacher,30,25,6,7,7,3,5,1,5,5,5,5,5,5,5,5,5,5,5,5,5,5,5,5,5,5,5,5,4,4,4,4,4,4,4,4,3,4,4,3,3,3,3,3,2,2,2,5,5,5,5,5,3,3,4,3,3,3,3,3,3,231
5,7,1,7,7,6,6,7,6,2,7,7,1,1,7,7,1,7,7,4,6,4,6,6,5,3,4,3,1,1,7,7,9,1,2,5,5,Admin & marketing coordinator,30,5,6,6,6,4,5,2,4,4,4,4,4,4,4,4,4,4,4,4,4,4,4,4,4,4,4,4,3,5,4,5,5,4,3,3,3,4,4,3,2,2,2,3,3,3,2,6,6,6,5,5,5,5,4,3,3,3,4,5,3,329
6,6,1,7,6,5,5,5,5,2,5,6,2,1,6,5,4,5,3,3,4,4,5,5,4,1,7,4,1,2,6,6,31,1,1,6,3,Software Developer,52,25,5,5,6,3,2,2,2,2,1,1,1,4,4,1,4,4,5,3,1,1,1,2,3,5,5,5,4,4,5,5,5,4,4,5,4,3,2,4,3,3,2,2,2,2,3,7,7,7,3,5,2,4,3,2,2,1,1,1,3,234
7,7,2,6,6,6,7,7,6,2,6,6,1,1,6,7,3,6,5,5,6,7,6,6,2,1,7,1,2,2,6,6,20,1,1,4,10,Software Engineer,45,6,5,6,7,5,4,1,5,4,4,5,4,5,5,4,5,3,4,4,3,4,2,4,2,4,4,5,2,4,3,4,4,4,3,2,3,4,2,3,3,3,3,2,3,3,3,7,7,7,5,7,1,2,5,6,1,1,1,3,3,27
2,2,5,3,1,2,2,6,2,6,6,6,2,1,6,4,5,2,2,2,1,2,3,2,7,7,1,6,1,4,6,6,15,1,1,5,10,Principal Software Engineer /,40,11,5,5,6,3,4,2,2,3,3,3,2,4,5,4,5,2,5,4,3,4,2,2,2,3,4,4,3,5,4,4,4,4,2,3,2,2,3,2,2,2,2,2,1,2,2,3,2,3,3,3,1,2,4,3,2,4,3,6,1,543
3,3,5,4,3,2,2,2,2,6,5,6,6,2,5,5,5,4,4,4,2,2,2,1,7,6,2,6,4,4,2,2,19,1,2,6,10,Content Specialist,40,10,5,6,6,4,5,3,4,4,4,4,4,4,4,3,2,4,4,4,4,4,4,3,3,4,4,4,4,4,4,4,4,3,3,3,5,2,2,4,4,3,3,3,5,4,3,5,5,5,5,5,3,3,3,3,3,3,3,3,1,276
6,6,2,6,6,6,6,5,6,2,6,5,2,2,5,6,3,6,6,6,6,6,6,6,2,1,7,2,1,1,4,5,22,1,1,5,5,Risk Analyst,40,20,5,7,7,5,7,6,3,2,3,4,2,4,4,4,4,4,5,4,4,4,3,2,2,2,2,2,5,5,4,4,4,4,4,3,4,3,3,4,2,2,2,2,2,2,2,5,5,5,5,7,7,7,7,7,4,4,4,4,3,331
7,7,1,6,6,6,6,6,6,1,6,6,1,1,6,7,2,6,6,6,1,4,2,6,1,1,7,1,1,1,7,6,14,1,2,6,10,Corporate Training,40,10,6,7,7,5,6,5,5,5,4,4,4,5,5,4,5,5,5,4,4,4,5,4,3,4,5,4,5,5,5,5,5,5,5,5,5,5,5,4,3,4,4,5,3,3,3,6,7,7,6,6,4,5,6,6,4,4,3,4,3,125
7,7,3,7,6,6,6,6,6,1,6,5,1,2,6,6,2,6,6,6,6,6,6,4,2,2,4,4,2,2,4,5,17,2,1,5,4,Caregiver,48,10,1,7,7,6,5,6,5,5,5,5,5,5,5,5,5,5,3,4,5,5,5,5,4,4,4,4,5,5,5,5,5,5,5,5,5,5,5,5,4,3,3,3,3,3,2,7,7,7,7,7,5,7,5,7,2,2,3,3,3,78
7,7,1,7,7,7,7,7,7,1,7,7,7,1,7,7,1,7,7,7,7,7,7,7,1,1,6,2,1,1,7,7,14,4,1,5,8,Manager,32,6,1,7,7,3,6,3,5,5,5,5,5,5,5,4,5,5,3,4,4,4,5,5,4,5,5,5,5,5,5,5,5,5,4,4,3,4,5,4,3,3,3,3,3,1,1,5,5,5,4,4,4,5,4,4,7,7,7,7,3,512
6,6,2,6,6,6,6,6,6,2,6,6,2,2,6,6,4,6,6,5,5,5,5,6,3,4,4,3,3,3,5,3,35,1,2,6,4,substance abuse counselor,40,30,6,2,5,2,2,2,4,3,2,4,2,4,4,4,4,4,4,4,4,4,4,2,2,4,2,4,4,4,4,4,4,4,2,2,3,2,2,3,4,4,5,5,5,5,4,1,4,3,1,2,1,1,1,1,5,5,5,5,2,477
5,6,2,6,6,6,6,6,5,2,6,6,2,2,6,5,3,5,4,5,5,5,5,6,2,2,5,3,2,2,6,6,14,1,1,6,4,Project Manager,40,15,6,3,4,3,3,3,4,4,4,4,4,4,4,2,4,4,4,4,3,4,2,3,4,4,4,4,4,4,4,4,4,4,3,3,3,2,3,2,2,2,2,2,2,2,2,6,5,5,5,5,4,4,5,4,3,5,3,5,3,370
7,6,6,2,2,2,2,1,1,7,2,4,4,6,1,7,1,6,6,2,2,2,6,2,2,2,7,2,6,6,6,2,18,,2,2,10,I run a machine at a distribu,40,17,1,5,2,5,5,5,3,4,4,1,3,4,4,1,4,1,4,4,4,4,4,3,2,4,4,4,4,4,5,5,5,5,5,5,5,5,5,4,7,7,7,6,6,5,6,5,4,4,5,4,5,4,6,6,6,4,5,6,1,76
6,6,2,6,6,6,6,6,6,2,6,6,2,2,6,6,6,6,6,6,6,6,6,6,2,2,6,2,2,2,6,6,40,1,2,6,4,Financial Analyst,35,35,6,6,6,6,6,6,4,4,3,4,4,4,4,4,4,4,4,4,4,4,4,4,4,4,4,4,4,4,4,4,4,4,4,4,4,4,4,4,3,3,3,2,2,2,2,6,6,6,6,7,4,7,6,6,6,6,7,4,3,21
6,6,1,6,6,6,6,6,6,1,6,6,1,1,6,6,2,6,6,5,5,5,5,6,2,1,7,1,1,1,5,4,10,4,1,5,10,Project Manager,40,6,6,7,7,2,5,5,4,2,4,3,4,4,4,3,4,4,5,4,4,5,3,4,3,4,5,4,5,5,5,5,5,5,5,5,4,4,3,4,6,5,3,3,3,3,3,6,5,6,6,6,3,3,4,3,3,3,4,2,3,513
5,3,5,5,3,3,3,3,3,5,4,5,5,5,3,3,5,3,3,6,5,5,5,3,5,3,5,3,5,5,3,3,17,1,2,6,3,Teacher,40,11,1,6,6,6,6,6,4,4,4,4,4,4,4,2,2,2,4,4,4,4,4,4,4,4,4,4,4,4,4,4,4,4,4,4,3,4,4,3,3,3,3,5,5,3,3,6,6,6,6,6,3,3,6,4,3,3,3,3,1,153
5,4,4,4,3,3,3,3,5,5,5,5,5,5,5,4,5,4,3,5,5,5,5,5,3,3,5,4,2,4,3,5,24,2,1,5,6,Communications professional,40,22,5,2,4,4,3,4,5,5,4,4,4,5,5,4,4,4,4,4,4,4,4,4,4,4,4,4,3,4,5,5,5,5,4,4,4,4,3,4,3,4,3,3,3,3,3,5,5,5,5,5,3,3,6,4,2,3,6,6,2,232
6,5,3,6,6,6,5,5,6,4,5,5,6,2,6,6,3,4,4,3,5,4,5,3,5,5,4,4,2,3,4,5,20,1,1,5,10,insurance adjuster,40,15,5,7,7,6,5,5,5,4,4,5,4,5,5,4,4,5,5,5,4,4,4,5,4,4,4,4,5,4,5,5,5,5,4,4,5,5,3,4,7,6,6,6,5,5,5,4,5,5,5,4,5,5,5,5,4,5,4,6,2,567
7,5,4,4,3,5,5,6,7,1,2,2,2,2,2,3,6,6,3,7,7,7,7,5,1,2,7,7,4,7,1,1,16,2,1,5,8,Product Manager,40,5,6,7,6,6,7,6,5,4,5,5,4,4,5,4,5,5,3,4,4,4,5,5,3,3,3,4,5,5,5,5,5,5,4,5,3,3,3,4,3,3,3,3,3,3,3,5,5,5,5,5,3,3,3,4,4,3,3,3,2,190
7,7,1,7,7,7,7,7,7,1,7,7,1,1,7,7,1,7,7,7,7,7,7,7,1,1,3,1,1,1,7,7,21,4,1,6,6,Lawyer,40,13,5,4,4,4,4,4,4,4,4,3,4,4,4,5,4,4,4,4,4,4,4,4,4,4,4,4,5,5,5,5,5,5,5,5,5,5,5,5,3,3,3,3,3,3,3,1,2,2,2,1,1,1,4,2,4,4,4,6,3,465
7,7,2,7,7,7,7,7,7,7,7,7,2,1,7,6,3,6,7,4,4,4,4,6,1,1,7,3,1,1,6,6,25,1,2,5,10,Social worker,40,24,6,3,4,2,2,2,4,4,4,4,4,4,4,4,4,4,4,4,4,4,4,4,2,4,4,4,5,5,4,4,4,4,4,3,3,3,3,4,3,3,3,3,3,3,3,4,5,4,3,3,5,3,4,5,6,5,5,5,3,183
5,4,1,6,5,4,4,4,3,6,5,6,1,1,6,7,3,5,5,4,1,1,4,5,3,2,7,3,2,2,6,4,26,1,2,6,3,Teacher,40,21,1,5,5,2,1,2,5,4,5,3,4,5,4,3,3,4,5,4,3,4,4,3,3,5,3,4,4,5,5,5,5,4,4,4,4,5,2,3,3,2,2,3,2,2,2,5,6,6,5,6,3,3,6,4,4,3,4,4,2,119
5,4,5,4,4,3,4,4,4,5,4,3,4,5,4,3,6,4,4,6,5,5,3,2,6,6,1,5,4,6,4,2,10,1,1,3,10,Internet Analyst,30,7,5,6,4,4,6,4,4,4,4,3,4,4,4,3,3,5,4,3,3,3,3,4,3,4,3,4,5,5,5,5,5,5,5,5,3,4,4,3,1,1,1,1,1,1,1,5,6,5,4,4,3,5,4,4,5,4,4,6,1,564
6,6,2,6,6,6,6,6,5,2,6,6,1,1,6,6,1,6,5,5,5,5,5,5,3,3,5,3,2,2,6,5,17,1,1,5,10,Marketing Manager,40,15,5,5,5,3,4,3,3,4,4,4,3,4,4,3,4,3,3,4,3,4,3,3,3,4,4,4,3,4,4,4,4,4,4,3,3,3,3,3,3,3,3,3,3,3,3,5,5,5,4,5,4,4,5,5,3,3,3,3,3,346
5,6,1,5,6,6,7,6,7,6,5,6,5,6,7,6,3,5,6,6,3,6,4,5,5,3,6,2,2,1,5,6,8,1,1,2,8,sales,37,7,6,5,6,5,5,6,4,5,4,5,5,5,4,4,4,5,5,5,3,4,4,4,4,5,5,5,4,5,4,4,5,5,4,4,3,4,4,3,4,2,2,4,3,5,3,5,6,6,7,4,5,5,6,6,3,4,4,3,2,573
6,5,6,6,4,3,3,1,2,7,5,5,4,5,4,5,1,5,5,4,5,5,4,4,5,4,4,5,5,4,5,5,18,1,1,6,10,Project Manager,45,14,5,6,6,7,7,4,5,5,5,5,5,5,5,2,2,4,3,4,5,4,4,4,4,4,4,5,4,5,5,5,5,5,4,4,5,4,4,4,4,2,2,1,1,1,1,5,5,5,5,5,6,6,7,5,6,6,5,6,2,463
6,7,1,7,7,7,7,7,7,1,7,7,1,1,7,7,1,7,7,5,5,6,5,7,2,2,2,1,1,2,6,6,21,1,1,6,4,Neurodevelopmental psychologi,45,10,6,6,6,3,2,2,4,4,4,4,4,5,4,3,5,4,4,4,4,4,3,3,3,4,3,3,4,4,4,4,4,4,4,4,3,4,3,3,3,4,3,3,3,3,2,5,7,7,4,5,3,3,5,3,5,2,4,5,3,453
7,7,1,7,7,7,7,7,7,1,7,7,1,1,7,6,3,6,5,6,7,7,7,6,1,1,6,2,1,1,7,7,13,5,1,2,10,Claims Specialist,39,12,5,7,7,3,7,6,5,5,5,5,5,5,5,2,4,5,4,4,4,4,4,5,5,5,5,5,5,5,5,5,5,5,5,5,5,5,5,5,6,5,5,5,5,5,6,5,6,6,6,5,1,6,5,6,5,2,5,5,3,539
7,6,1,6,6,7,7,7,7,2,5,5,6,1,7,6,3,6,5,4,4,5,6,6,3,2,7,1,1,2,6,6,11,1,2,5,8,Space Planning Analyst,40,6,5,4,6,5,5,4,5,4,4,5,5,5,5,5,5,5,5,5,5,5,5,5,3,5,5,5,2,5,5,5,5,5,3,4,5,4,4,3,4,5,5,6,5,4,4,5,5,5,5,6,2,4,5,5,2,2,2,4,3,170
6,4,5,5,4,4,4,3,4,6,5,5,4,3,4,3,5,3,3,4,3,4,5,4,3,2,6,3,3,4,5,4,28,1,2,4,7,Project Manager,40,30,1,5,5,4,4,4,4,4,4,3,3,4,5,4,4,4,3,4,4,4,3,4,4,5,5,4,4,5,4,5,5,5,4,4,3,4,3,3,3,3,4,3,3,3,3,5,5,5,4,5,4,4,3,3,3,3,3,3,2,405
6,5,2,5,6,7,7,7,7,2,7,7,2,1,7,7,1,6,7,7,6,6,6,6,2,2,7,2,2,2,6,6,34,4,2,3,1,Logistics specialist,40,30,6,2,3,3,3,3,4,3,4,4,4,4,4,3,4,5,4,5,5,5,4,5,4,5,5,5,5,5,5,5,5,5,5,5,5,5,5,4,4,4,4,4,3,3,3,6,7,7,5,6,3,5,5,7,4,3,5,5,3,495
6,5,2,6,5,4,4,4,4,5,5,5,1,2,6,7,5,6,6,4,4,4,4,4,5,4,5,4,1,1,4,4,10,2,2,5,9,Accountant,8,3,1,6,7,3,6,3,4,3,4,4,3,5,4,3,4,5,4,4,3,5,2,4,3,4,3,3,4,5,5,5,5,5,4,5,4,3,4,4,2,2,3,2,2,2,1,5,6,6,5,5,2,3,5,5,5,3,5,5,2,262
